"Наименование";"Кол-во";"Цена"
"145/70R13 Firestone F590FS  71T";2;1700
"145/80R13 Bridgestone B330 Evo  75T";2;1750
"145/80R13 Dayton D110  75T";6;1700
"155/65R13 Bridgestone B250  73T";1;1250
"155/65R13 Dayton D110  73T";1;1700
"155/70R13 Bridgestone B250  75T";3;2300
"155/70R13 Dayton D110  75T";1;1750
"155/70R13 Platin Diamant RP200  75T";3;2100
"155/70R13 Platin Diamant RP200  75T";3;2100
"155/70R13 Roadstone CP661  75T";13;1950
"155/70R13 Vredestein T-Trac 2  75T";10;2550
"155/80R13 Dayton D110  79T";2;2150
"155/80R13 Firestone F590FS  79T";1;2150
"155/80R13 Michelin Energy XM2  79T";2;2250
"165/65R13 Bridgestone B250  77T";1;1800
"165/65R13 Firestone Multihawk  77T";1;1750
"165/65R13 General Altimax Comfort  77T";4;3100
"165/65R14 Bridgestone B250  79T";1;1800
"165/65R14 First Stop Tour  79T";2;1750
"165/65R15 Bridgestone B250  81T";3;1750
"165/70R13 Dayton D110  79T";1;1650
"165/70R13 Hercules Raptis TR1  79T";1;2450
"165/70R13 Vredestein T-Trac  79T";2;2050
"165/70R14 Bridgestone B250  81S";4;2650
"165/70R14 Bridgestone R410  85R";1;2400
"165/80R13 Bridgestone B330 Evo  83T";1;1850
"165/80R13 Dayton D100  83T";1;1800
"165/80R13 First Stop Tour  83T";1;1550
"165/80R15 Vredestein T-Trac  87T";1;3500
"175/50R15 Vredestein Sportrac 5  75H";1;4350
"175/55R15 Bridgestone B250  77T";1;2250
"175/60R14 Bridgestone RE88  79H";1;1300
"175/60R15 Firestone TZ300  81V";1;2200
"175/65R13 Firestone Multihawk  80T";1;1650
"175/65R13 First Stop Tour  80T";1;1650
"175/65R14 Bridgestone B250  82H";1;2400
"175/65R14 Bridgestone EP150 XL  86T";1;2350
"175/65R14 First Stop Tour  82T";1;1300
"175/65R14 Master Steel MST300  82T";1;2950
"175/65R14 Michelin Symmetry  81S";2;2450
"175/65R15 Bridgestone EP25  84S";2;2600
"175/65R15 Firestone Mulhawk  84T";3;2100
"175/65R15 Nexen CP661  84H";4;2500
"175/65R15 Nexen CP661  84H";20;2500
"175/65R15 Toyo CFT  84S";40;2600
"175/70R13 Bridgestone B250  82T";1;2600
"175/70R13 Firestone Multihawk  82T";1;2300
"175/70R14 Bridgestone B250  84T";1;2700
"175/70R14 Bridgestone B250  88T";3;2650
"175/70R14 Bridgestone B391  88T";1;2650
"175/70R14 Bridgestone B391  88T";1;2650
"175/70R14 Dayton D110  84T";1;2600
"175/70R14 Firestone Multihawk  84T";1;2600
"175/70R14 First Stop Tour  84T";1;2100
"175/70R14 Vredestein T-Trac  84T";1;3900
"175/75R16C Bridgestone R630  101/99R";1;3700
"175/75R16C Firestone Vanhawk  101/99R";1;3700
"175/80R14 Bridgestone B330 Evo  88T";1;2250
"185/55R14 Firestone TZ300  80H";21;3000
"185/55R15 First Stop Speed 1  82H";5;3450
"185/55R15 Michelin Vivacy  82V";22;2850
"185/55R15 Vredestein Sportrac 5  82H";9;4450
"185/60R14 Toyo Proxes C100  82H";5;2850
"185/60R15 Firestone TZ300 XL  88H";4;3050
"185/60R15 Roadstone Classe Premiere  84H";3;2900
"185/60R15 Roadstone Classe Premiere  84H";1;2900
"185/60R15 Roadstone CP661  84T";2;2850
"185/60R15 Vredestein DA Quatrac Lite XL  88H";1;3550
"185/60R15 Vredestein Sportrac 5 XL  88H";1;4250
"185/65R14 Bridgestone A001 All Season  86H";5;2900
"185/65R14 Bridgestone Ecopia EP150  86T";1;2500
"185/65R14 Bridgestone Ecopia EP150  86H";1;2850
"185/65R14 Pirelli P1 Cinturato  86T";1;2100
"185/65R14 Vredestein T-Trac Si  86T";1;2150
"185/65R15 First Stop Tour  88T";1;2700
"185/65R15 Michelin X-Radial DT  86T";1;3250
"185/65R15 Pirelli P1 Cinturato  88T";1;2500
"185/65R15 Vredestein T-Trac 2  88T";4;3800
"185/65R15 Vredestein T-Trac 2  88T";40;3800
"185/70R14 Apollo Acelere  88H";1;1350
"185/70R14 Barum Brillantis 2  88T";19;2400
"185/70R14 BF Goodrich Premier Touring  87T";9;2450
"185/70R14 BF Goodrich Touring T/A Pro  87T";3;2450
"185/70R14 First Stop Speed  88H";17;2500
"185/70R14 Roadstone SB-702  88T";1;1400
"185/70R14 Vredestein Sportrac 5  88H";3;4250
"185/70R15 Vredestein Sprint Classic WSW  89H";4;9250
"185/75R16C Vredestein Comtrac  104/102R";8;6650
"185R16 Vredestein Sprint Classic  93H";1;14850
"195/45R16 Firestone SZ90  80V";1;3900
"195/50R15 Bridgestone ER300  82H";2;3500
"195/50R15 Dayton D320  82H";19;3450
"195/50R15 First Stop Speed  82V";3;3450
"195/50R15 Pirelli P6  82H";1;3750
"195/50R15 Vredestein Sportrac 5  82V";27;3350
"195/50R16 Vredestein Sportrac 5 XL  88V";4;6550
"195/55R15 Dayton D320  85H";24;3900
"195/55R15 Vredestein Sportrac 5  85V";40;4950
"195/55R15 Westlake SP-06  85V";1;1400
"195/55R16 Bridgestone S001 RFT  87V";2;5800
"195/55R16 Vredestein Sportrac 5  87V";4;5550
"195/60R14 Firestone Firehawk TZ200  86H";1;2250
"195/60R14 First Stop Speed  86H";1;1750
"195/60R15 Pirelli P1 Cinturato  88H";1;3250
"195/60R15 SD Landsail LS288  88H";1;1350
"195/60R15 Vredestein DA Sportrac 5  88V";1;3550
"195/65R14 Apollo Amazer 3G Maxx  89T";18;2850
"195/65R14 Bridgestone B330 Evo  89T";3;3100
"195/65R15 Firestone TZ300  91V";1;3500
"195/65R15 First Stop Speed  91V";1;2950
"195/65R16 Bridgestone B250  92V";20;2600
"195/65R16 Bridgestone B250  92V";40;2600
"195/65R16 Bridgestone B250  92V";40;2600
"195/65R16 Roadstone N'Blue Eco AH01  92V";1;2750
"195/65R16C Vredestein Comtrac  104/102R";6;6500
"195/65R16C Vredestein Comtrac  104/102R";4;6500
"195/70R14 BF Goodrich Sport T/A  91H";3;2300
"195/70R15C Bridgestone Duravis R630  104/102R";1;3300
"195/70R15C Vredestein Comtrac  104R";1;5400
"195/70R15C Vredestein Comtrac  104R";40;5400
"195/75R16C Vredestein Comtrac  107/105R";10;6350
"195/75R16C Vredestein Comtrac  107/105R";38;6350
"205/40R17 BF Goodrich G-Force T/A KDW  84Y";1;3600
"205/40R17 Bridgestone RE050A  80Y";1;3950
"205/40R17 Platin RP400 Sport XL  84W";2;4150
"205/40R17 Uniroyal Tiger Paw GTZ AS  84W";40;3600
"205/45R16 BF Goodrich G-Force Sport  83W";40;2650
"205/45R16 BF Goodrich G-Force T/A KDW  87W";1;2650
"205/45R17 BF Goodrich G-Force T/A KDW  88Y";1;3700
"205/45R17 Bridgestone RE040  84W";2;4400
"205/45R17 Riken Raptor XL ZR  88W";40;3700
"205/45R17 Vredestein Ultrac Cento XL  88Y";5;6000
"205/50R15 Firestone Firehawk TZ200  86V";12;3950
"205/50R16 BF Goodrich G-Force Sport  87W";40;2650
"205/50R16 BF Goodrich G-Force Super Spor  87W";1;2600
"205/50R16 Bridgestone RE050  87V";2;3550
"205/50R16 Nokian Hakka Black XL  91W";1;2650
"205/50R16 Vredestein Sportrac 5  87V";8;6050
"205/50R17 Bridgestone RE040  89V";1;4850
"205/50R17 Bridgestone S-02A  ZR";1;5550
"205/50R17 Bridgestone T001 XL  93V";1;4800
"205/50R17 Dayton D320  89V";1;4100
"205/50R17 Michelin Pilot Sport 3  89V";1;6600
"205/50R17 Pirelli Pzero RFT RSC  89V";1;6050
"205/50R17 Vredestein Sportrac 5  89V";13;6700
"205/50R17 Vredestein Ultrac Cento XL  93Y";3;6400
"205/55R15 Roadstone CP661  88V";6;3350
"205/55R15 Vredestein Sportrac 3  88V";4;6600
"205/55R15 Vredestein Sportrac 5  88V";8;5750
"205/55R15 Vredestein Sportrac 5  88V";14;5750
"205/55R16 Bridgestone EP150  91V";1;3950
"205/55R16 Bridgestone S02  -";1;4000
"205/55R16 Continental Touring Contact  91H";1;5400
"205/55R16 Firestone Firehawk SZ90  94W";1;4000
"205/55R16 Firestone Firehawk SZ90  94W";1;3950
"205/55R16 First Stop Speed  91H";2;3600
"205/55R16 First Stop Speed XL  94V";1;1400
"205/55R16 Matador Hector  94W";1;1450
"205/55R16 Michelin Energy Saver GRNX  91H";1;4800
"205/55R16 Michelin Primacy 3 GRNX  91V";1;5200
"205/55R16 Riken Raptor HR  91H";5;3250
"205/55R16 Riken Raptor VR  91V";40;3250
"205/55R16 Vredestein Quatrac 3  91H";1;2150
"205/55R17 Bridgestone ER300  91H";1;4850
"205/60R15 Bridgestone ER300 ECO  91H";1;3500
"205/60R15 Firestone TZ300  91V";1;3500
"205/60R15 First Stop Speed  91H";1;1450
"205/60R15 Vredestein Sportrac 5  91H";1;4500
"205/60R15 Vredestein Sportrac 5  91H";1;4500
"205/60R16 Apollo Acelere  92V";40;2700
"205/60R16 Apollo Acelere XL  96H";1;3100
"205/60R16 Bridgestone D-Sport Eco  92H";40;4500
"205/60R16 Bridgestone ER300  92V";1;4400
"205/60R16 Bridgestone ER300A Eco RFT  92W";1;4550
"205/60R16 Cooper Lifeliner GLS  92V";40;3600
"205/60R16 First Stop Speed  92H";1;4400
"205/60R16 Riken Raptor VR  92V";1;3000
"205/60R16 Vredestein DA Ultrac Cento XL  96Y";1;4250
"205/65R15 Dayton D210  94H";1;2750
"205/65R15 Michelin Primacy MXV4  94V";1;4850
"205/65R15 Michelin Symmetry  92T";1;1400
"205/65R15 Nokian Nordman SX  94H";40;2800
"205/65R15C Bridgestone R410  102/100T";1;4900
"205/65R15C Vredestein Comtrac  102/100R";4;6850
"205/65R15C Vredestein Comtrac  102T";4;7000
"205/65R16 Continental Comfort Contact 5  95H";2;5600
"205/65R16 Toyo Proxes C100  95V";19;5300
"205/65R16C Vredestein Comtrac  107/105T";10;7550
"205/70R15 Continental 4X4 Contact  96T";1;3450
"205/70R15 Continental 4X4 Contact  96T";5;3450
"205/70R15 Mastercraft Strategy M+S  96T";1;3750
"205/70R15 Michelin X-Radial DT  95T";23;4350
"205/70R15 Michelin XM1 Energy  95H";35;4350
"205/70R15 Nankang NK All Season  96H";3;3950
"205/70R15 Vredestein Quatrac 3  96T";1;3800
"205/70R15C Matador MPS 320 Maxilla  106/104R";1;4650
"205/70R15C Vredestein Comtrac  106/104R";2;6600
"205/70R15C Vredestein Comtrac  106/104R";14;6600
"205/75R16C Bridgestone R630  110/108R";3;8650
"205/75R16C Bridgestone R660  110/108R";11;8650
"205/75R16C General Eurovan 2  110/108R";2;6600
"205/75R16C Vredestein Comtrac  110/108R";4;7400
"205R16C Bridgestone D684II Eco  110/108T";1;4200
"215/40R16 Vredestein Ultrac Cento XL  86Y";2;5300
"215/40R17 Bridgestone RE050A XL  87V";1;4800
"215/40R17 Vredestein Ultrac Sessanta XL  87Y";2;6250
"215/40R18 Bridgestone RE050A XL  89W";1;4850
"215/45R17 Bridgestone RE050  87W";1;4850
"215/45R17 Bridgestone RE050A  87W";1;4850
"215/45R17 Bridgestone T001  87V";1;4850
"215/45R17 First Stop Speed  87W";1;4900
"215/45R17 Vredestein Ultrac Cento XL  91Y";2;5550
"215/45R18 Bridgestone RE050A  89W";2;4900
"215/45R18 Vredestein Ultrac Cento XL  93Y";12;7700
"215/45R18 Vredestein Ultrac Cento XL  93Y";16;7700
"215/50R17 Riken Raptor ZR  91W";1;4200
"215/50R17 Vredestein Sportrac 5  91V";1;7950
"215/50R17 Vredestein Ultrac Cento XL  95Y";2;6950
"215/55R16 Bridgestone ER300 XL  97W";1;4600
"215/55R16 Bridgestone RE002  93W";1;5350
"215/55R16 Bridgestone RE050A  93V";1;5300
"215/55R16 Bridgestone T001  97W";1;5250
"215/55R16 Firestone TZ300 XL  97W";2;5300
"215/55R16 Firestone TZ300 XL  97H";3;5300
"215/55R16 Michelin Primacy 3 GRNX  93V";1;6100
"215/55R16 Toyo Proxes C100  93V";40;3250
"215/55R16 Vredestein Ultrac Cento XL  97Y";11;6100
"215/55R16 Vredestein Ultrac Cento XL  97Y";1;6100
"215/55R17 Dayton D320  94W";2;5700
"215/55R17 Firestone TZ300  94W";1;5750
"215/55R17 Kumho Solus KH25  93V";1;4950
"215/55R17 Michelin Primacy 3 GRNX  94V";40;8000
"215/55R17 Toyo Proxes C100  94W";40;5450
"215/60R15 BF Goodrich Touring T/A DT  94H";1;2500
"215/60R15 Nexen CP661  94H";2;3250
"215/60R16 General Evertrek HP  95V";30;4250
"215/60R16 General Evertrek HP  95V";40;4250
"215/60R16 Marangoni Verso XL  99W";39;4000
"215/60R16 Michelin Energy MXV8  95V";1;4350
"215/60R16 Michelin Vivacy  95H";1;4400
"215/60R16 Pirelli P7  99V";1;4700
"215/60R16 Pirelli P7 Cinturato Eco XL  99H";1;3200
"215/60R16 Vredestein Ultrac Cento  95Y";40;5900
"215/60R17 General Evertrek RT  96H";40;6600
"215/60R17 Vredestein Sportrac 5  96H";24;6200
"215/60R17 Vredestein Sportrac 5  96H";40;6200
"215/65R15 BF Goodrich Touring T/A Pro  95T";22;2900
"215/65R15 Bridgestone ER300 Eco  96H";1;3200
"215/65R16 Falken LA/CT  98S";3;4350
"215/65R16 Nokian Hakka SUV XL  102H";1;4150
"215/65R16 Vredestein Sportrac 5  98H";1;4850
"215/65R16C Nokian Nordman SC  109/107T";40;4850
"215/65R16C Vredestein Comtrac  109T";16;7900
"215/65R16C Vredestein Comtrac  109T";40;7900
"215/70R15 Nexen CP661  98T";1;4150
"215/70R15 Nexen CP661  98T";1;4150
"215/70R15 Toyo Proxes C100  95H";1;4500
"215/70R15C Vredestein Comtrac  109R";8;7100
"215/70R16 Apollo Hawkz H/L  100H";2;4950
"215/70R16 Bridgestone D687  100H";2;6250
"215/70R16 Vredestein Sportrac 5 SUV  100H";23;4950
"215/70R16 Vredestein Sportrac 5 SUV  100H";40;4950
"215/75R15LT Bridgestone D694  100/97T";1;5950
"215/75R16C Apollo Hawkz R/Ts  113/111S";2;5100
"215/75R16C Apollo Hawkz R/Ts  113/111S";1;5100
"215/75R16C Bridgestone R630  113/111R";1;6000
"215/75R16C Delinte DV2  113/111S";6;5400
"215/75R16C Firestone CV3000  113/111R";2;6700
"215/75R16C Gremax Max 8000  113R";5;5300
"215/75R16C Vredestein Comtrac  113R";15;8300
"215/80R15 Bridgestone D689  102S";1;2900
"215/85R16LT Nokian Rotiiva AT  115/112S";40;4650
"225/30R20 Vredestein Ultrac Sessanta XL  85Y";2;9950
"225/35R18 Bridgestone S001 XL  87W";1;4900
"225/35R19 BF Goodrich G-Force T/A KDW  88Y";40;3750
"225/35R19 Bridgestone RE050A RFT  88Y";1;5700
"225/35R20 Riken Raptor XL ZR  90W";23;6550
"225/40R18 Bridgestone S01  88Y";1;5600
"225/40R18 Hankook Sport IV PH01  92W";40;6200
"225/40R18 Nokian Nordman SX XL  92W";40;6750
"225/40R18 Vredestein Ultrac Sessanta XL  92Y";1;6250
"225/40R19 Vredestein Ultrac Sessanta XL  93Y";2;11200
"225/40R19 Vredestein Ultrac Vorti XL FR  100Y";10;11750
"225/45R17 Bridgestone S02  Z";1;5800
"225/45R17 Firestone Firehawk SZ90  91Y";1;3850
"225/45R17 Hankook Sport IV PH01  94W";40;5450
"225/45R17 Nokian Hakka Black RFT  91W";1;5500
"225/45R17 Pirelli P7 Cinturato  94W";3;5300
"225/45R17 Pirelli P7 Cinturato  94W";40;5300
"225/45R18 Hankook Sport IV PH01  95W";40;7000
"225/45R19 Vredestein Ultrac Vorti XL  96Y";24;12750
"225/45ZR17 Bridgestone RE040  -";1;5650
"225/50R16 Bridgestone RE002  92W";1;4050
"225/50R16 Bridgestone S02  92W";1;3950
"225/50R16 Dayton D320  92W";9;3350
"225/50R16 Euzkadi Eurosport  92W";40;2450
"225/50R16 Firestone Firehawk SZ90  92V";4;4050
"225/50R16 Firestone Firehawk SZ90  92W";3;3750
"225/50R16 Riken Raptor ZR  92W";1;2600
"225/50R16 Vredestein Ultrac Cento  92Y";16;5550
"225/50R17 Michelin Primacy 3 GRNX  98Y";3;8100
"225/50R17 Michelin Primacy 3 GRNX  98Y";2;8100
"225/55R16 Bridgestone RE002  95W";1;5800
"225/55R16 Dayton D320  95W";1;3600
"225/55R16 Riken Raptor ZR  95W";1;3400
"225/55R16 Starfire RSR 1.0 XL  99W";1;3650
"225/55R16 Taxat Summer XL  99W";40;3300
"225/55R16 Toyo Proxes C100  95V";40;3850
"225/55R16 Toyo Proxes C100  95V";40;3850
"225/55R16 Vredestein Ultrac Cento  95Y";1;5750
"225/55R17 Bridgestone Dueler Sport  97W";1;5900
"225/55R17 Nokian Nordman SX  97V";40;6700
"225/55R17 Pirelli P7 Cinturato  101W";1;11500
"225/55R17 Toyo Proxes C100  97W";1;5850
"225/55R17 Toyo Proxes C100  97W";40;5850
"225/55R18 Falken Ziex  ZE-912  98H";1;7100
"225/55R18 Hankook Optimo K415  98H";1;9750
"225/55R19 Cooper CS4 Touring Plus  99H";40;6700
"225/60R16 Bridgestone ER300 Eco  98Y";1;6000
"225/60R16 Riken Raptor VR  98V";3;3800
"225/60R16 Yokohama Radial Y390  98H";1;3600
"225/60R17 Vredestein Sportrac 5 XL  103V";40;7300
"225/60R17 Vredestein Sportrac 5 XL  103V";40;7300
"225/60R18 Vredestein Ultrac Cento XL  104Y";4;7350
"225/60R18 Vredestein Ultrac Cento XL  104Y";38;7350
"225/60R18 Yokohama Geolandar G91  100H";40;6350
"225/65R16C Vredestein Comtrac  112/110R";12;9100
"225/65R17 Cooper Discoverer HTS  102H";40;6000
"225/65R17 General Grabber GT  102V";4;8750
"225/65R17 Vredestein Sportrac 5  102H";40;6750
"225/70R15C Vredestein Comtrac  112/110R";5;7100
"225/70R15C Vredestein Comtrac  112/110R";24;7100
"225/70R16 Bridgestone D694  102S";1;5100
"225/70R16 Vredestein Quatrac 3 SUV  103H";1;9550
"225/70R16 Vredestein Sportrac 5  103H";4;5350
"225/70R16 Vredestein Sportrac 5  103H";40;5350
"225/70R17 Bridgestone D840  108S";2;5100
"225/75R16C Bridgestone R294  121/120N";1;6200
"235/30R22 Vredestein DA Ultrac Sessanta  90Y";2;8550
"235/35R19 Riken Raptor XL ZR  91W";40;4600
"235/35R20 Bridgestone S001 RFT  88Y";26;7100
"235/40R18 Vredestein Ultrac Vorti XL  95Y";1;8400
"235/45R17 Bridgestone RE050A  93W";11;6250
"235/45R17 Bridgestone RE050A  93W";40;6250
"235/45R17 Bridgestone RE050A RFT  94W";1;6300
"235/45R17 Bridgestone RE71G RFT  Z";1;6250
"235/45R17 Toyo Proxes C100  93W";10;5300
"235/45R17 Toyo Proxes C100  93W";40;5300
"235/45R18 Vredestein Ultrac Vorti XL  98Y";3;10700
"235/45R19 Nokian Hakka Z SUV XL  99Y";2;10400
"235/50R17 Continental Extreme DW  96W";40;5550
"235/50R17 Riken Raptor ZR  96W";40;4650
"235/50R18 Bridgestone Turanza ER33  97W";2;7150
"235/50R18 Bridgestone Turanza ER33  97W";40;7150
"235/50R18 Cooper Zeon XL  101V";40;5900
"235/50R18 Vredestein Ultrac Cento  97Y";17;8750
"235/55R17 Bridgestone ER30  99Y";1;6750
"235/55R17 Vredestein DA Ultrac Cento XL  103Y";1;6950
"235/55R17 Vredestein Ultrac Cento XL  103Y";1;8050
"235/55R18 Bridgestone D687 H/T  99H";1;8050
"235/55R18 Cooper CS4 Touring Plus  100V";40;5950
"235/55R18 Toyo Open Country H/T  100V";3;12050
"235/55R19 Nokian Z SUV XL  105W";3;9850
"235/60R16 Vredestein Ultrac Cento  100Y";4;7450
"235/60R16 Vredestein Ultrac Cento  100Y";8;7450
"235/60R17 Toyo Versado CUV  102T";2;7800
"235/60R17 Vredestein Sportrac 5  102V";4;7850
"235/60R18 Sportiva 4x4 Contact XL  107W";1;5850
"235/60R18 Vredestein Sportrac 5 XL  107V";40;8700
"235/65R16C Vredestein Comtrac  115/113R";21;9950
"235/65R17 Bridgestone Dueler-Sport  104V";1;6850
"235/65R17 Gislaved Speed 606 SUV XL  108V";2;7200
"235/65R17 Nokian Hakka Z SUV XL  108V";1;5650
"235/65R17 Sportiva 4x4 Z  108V";1;4700
"235/65R17 Toyo Proxes S/T II  104V";1;7500
"235/65R17 Vredestein Sportrac 5 XL  108V";3;6500
"235/65R18 Nexen Roadian H/T  104H";4;8050
"235/70R16 Apollo Hawkz A/T  105S";1;4200
"235/70R16 Apollo Hawkz A/T  105T";1;4250
"235/70R16 Nokian Hakka SUV  106T";1;5150
"235/70R16 Vredestein Sportrac 5  106H";29;5650
"235/70R17 Continental 4x4 Contact XL  111H";40;6750
"235/75R15 Apollo DA Hawkz A/T  105S";1;3900
"235/75R15 Apollo Hawkz A/T  105T";1;4000
"235/75R15 Apollo Hawkz A/T  105T";1;4000
"235/75R15 Nankang NK Utility FT-4  105H";1;4150
"235/80R16 Bridgestone Dueler 689 H/T  109S";1;3950
"235/80R17LT Nokian Rotiiva AT  120/117R";24;4800
"235/80R17LT Pirelli Scorpion ATR  120/117R";1;4550
"235/85R16 Apollo Hawkz R/Ts  120/116R";1;5150
"245/30R20 Vredestein Ultrac Vorti R XL  90Y";2;13750
"245/30R20 Vredestein Ultrac Vorti XL  90Y";1;13300
"245/30R22 Vredestein Ultrac Sessanta XL  92Y";4;16850
"245/35R19 Hankook Sport IV PH01  93W";4;7400
"245/35R20 Hankook Sport IV PH01  -";21;8150
"245/35R20 Riken Raptor ZR  91W";40;3900
"245/35R20 Vredestein Ultrac Vorti R XL  95Y";3;13150
"245/35R20 Vredestein Ultrac Vorti XL  95Y";12;12300
"245/40R17 Bridgestone RE050  91W";34;5800
"245/40R17 Bridgestone S001 RFT  91W";1;5800
"245/40R18 Bridgestone ER33 RFT  93Y";40;7150
"245/40R18 Bridgestone S001  93Y";2;14500
"245/40R18 Bridgestone S02  93Y";1;7150
"245/40R18 Vredestein Ultrac Cento XL  97Y";1;7650
"245/40R18 Vredestein Ultrac Sessanta XL  97Y";32;7950
"245/40R18 Vredestein Ultrac Sessanta XL  97Y";40;7950
"245/40R18 Vredestein Ultrac Vorti XL  97Y";32;8100
"245/40R18 Yokohama Advan A13  93Y";40;8150
"245/40R19 Bridgestone RE050A RFT  94Y";40;8200
"245/40R19 Continental Extreme ContactDWS  94Y";10;10000
"245/40R19 Dunlop Sportmaxx GT RO1  98Y";4;14300
"245/40R19 General G-Max AS-03  94Y";6;8850
"245/40R20 Hankook Sport IV  99W";2;8250
"245/40R20 Vredestein Ultrac Vorti XL  99Y";2;16700
"245/45R18 Continental Pro Contact  96H";9;9700
"245/45R18 Vredestein Ultrac Vorti XL  100Y";1;10050
"245/45R19 Bridgestone EL42 XL  98V";18;9350
"245/45R19 Bridgestone EL42 XL  98V";40;9350
"245/50R17 Bridgestone RE050 RFT  91W";3;6000
"245/50R18 Vredestein Ultrac Vorti XL  104Y";16;11750
"245/50R20 Nokian Hakka Z SUV XL  106W";11;12100
"245/60R18 Nexen Roadian H/T  104H";1;7250
"245/60R18 Nokian Hakka Z SUV XL  109V";1;6800
"245/65R18 Kumho Solus KL21 XL  110H";40;5350
"245/70R16 Bridgestone D684 III EcopiaH/T  111T";3;6600
"245/70R16 Hankook Dynapro HP RA23  107H";2;5550
"245/70R17LT Nokian Rotiiva AT  119/116S";8;6700
"245/75R16 Bridgestone D840  111S";3;7400
"245/75R16 Bridgestone Dueler A/T 694  108/104S";1;7450
"245/75R16LT Toyo Open Country AT  108/104S";4;7350
"245/75R17LT Nokian Rotiiva AT  121/118S";40;6650
"255/30R19 Vredestein Ultrac Sessanta XL  91Y";2;13600
"255/30R20 Vredestein DA Ultrac Sessanta  92Y";1;12350
"255/30R22 Vredestein Ultrac Sessanta XL  95Y";10;16100
"255/30R22 Vredestein Ultrac Sessanta XL  95Y";1;16100
"255/35R18 General G-Max AS-03  90W";40;5100
"255/35R19 Vredestein Vorti Carlsson  96Y";4;12950
"255/35R20 Riken Raptor ZR  93W";40;4350
"255/35R20 Vredestein Ultrac Vorti XL  97Y";1;14200
"255/40R17 BF Goodrich G-Force T/A KDW  94Y";1;3800
"255/40R17 Bridgestone RE71G  -";1;5000
"255/40R17 Vredestein Ultrac Sessanta XL  98Y";2;8450
"255/40R18 Bridgestone ER33  95Y";40;9250
"255/40R19 Bridgestone RE040 XL  100Y";1;9300
"255/40R19 Pirelli Scorpion Verde A/S Eco  96H";4;7750
"255/45R17 Bridgestone S01  98Y";1;4950
"255/45R18 Bridgestone RE040  103Y";40;9350
"255/45R18 Bridgestone RE040  99Y";13;9300
"255/45R18 Bridgestone RE050A  99Y";1;9350
"255/45R18 Bridgestone S001  99Y";26;9350
"255/45R18 Bridgestone S001  99Y";40;9350
"255/45R18 Nokian Hakka Z XL  103Y";4;11550
"255/45R18 Tracmax F106  103W";1;6500
"255/45R19 Hankook K117 Vent. S1 Evo2 XL  104Y";4;13900
"255/50R19 Bridgestone ER30  103V";1;10350
"255/50R19 Cooper Discoverer HTS  107Y";40;7600
"255/50R20 Vredestein Ultrac Vorti XL  109Y";2;13250
"255/55R17 Bridgestone D400  104V";1;5100
"255/55R17 Continental Vanco 2  118/116R";31;4750
"255/55R18 Kumho HP91 XL  109W";4;9950
"255/55R19 Bridgestone D-SPORT  111V";2;12750
"255/55R19 Nokian Hakka Z SUV XL  111W";1;9100
"255/55R19 Pirelli Scorpion ATR  111H";1;14550
"255/55R19 Vredestein Ultrac SUV Sessanta  111Y";1;10350
"255/60R18 Vredestein Quatrac 3 SUV XL  112V";1;8800
"255/70R15 Apollo Hawkz A/T  108T";1;3600
"255/70R16 Continental Cross Contact LX  111T";23;5250
"255/70R17 Nokian Rotiiva AT  112T";18;7600
"265/30R19 Hankook Sport IV PH01  -";40;7400
"265/30R19 Hankook Sport IV PH01  93W";40;7400
"265/35R18 BF Goodrich G-Force T/A KDW  93Y";1;5400
"265/35R18 Bridgestone S02 (N1POR9)  -";1;9350
"265/35R18 Hankook Sport IV PH01  97W";40;6600
"265/35R18 Hankook Ventus V2 H437  93V";28;6150
"265/35R19 Bridgestone RE050A  94Y";1;9300
"265/35R19 Continental Extreme Contact DW  94Y";4;10400
"265/40R18 Bridgestone RE050  97Y";2;9350
"265/40R18 Bridgestone RE050A XL  101Y";11;9350
"265/40R18 Bridgestone S001 XL  101Y";1;9400
"265/40R18 Bridgestone S01  -";17;9400
"265/40R18 Bridgestone S01 Expedia  AMR  -";12;9400
"265/40R21 Vredestein Ultrac Vorti XL  105Y";10;15350
"265/45R21 Nokian Hakka Z SUV XL  108W";1;14850
"265/50R19 Toyo Versado CUV  110V";1;10950
"265/50R19 Vredestein Ultrac Vorti XL  110V";1;11600
"265/60R18 Cooper Discoverer HTS  110H";40;6550
"265/65R17 Apollo Hawkz A/T  112T";1;4900
"265/65R17 Nokian HT SUV XL  116H";2;7550
"265/70R15 Apollo Hawkz A/T-11  112S";7;4650
"265/70R15 Apollo Hawkz A/T-11  112S";25;4650
"265/70R15 Continental Cross Contact LX  112T";28;5400
"265/70R15 Continental Cross Contact LX  112T";40;5400
"265/70R15 General Grabber UHP  112H";3;8000
"265/70R15 Hankook Dynapro HP RA23  112H";8;5600
"265/70R16 Nokian HT SUV  112T";6;8350
"265/70R16 Nokian HT SUV  112T";5;8350
"265/70R17 Nokian Hakka SUV  115H";2;6250
"265/70R17LT Nokian Rotiiva AT  121/118S";40;8250
"265/70R17LT Roadstone Roadian A/T II  121/118Q";1;7100
"265/70R18 Continental Contitrac  114S";18;7750
"265/70R18LT Nokian Rotiiva AT  124/121S";2;7550
"265/75R16LT Nokian Rotiiva AT  123/120S";29;7800
"275/30R20 Vredestein Ultrac Sessanta XL  97Y";1;14400
"275/30R20 Vredestein Ultrac Vorti XL  97Y";1;14350
"275/35R17 Bridgestone EXP S01  ZR";2;15150
"275/35R18 Bridgestone RE050A  95Y";40;9400
"275/35R18 Bridgestone RE050A  95Y";1;9400
"275/35R18 Riken Raptor ZR  95W";40;5250
"275/35R20 Milestone Greensport  102Y";1;8000
"275/35ZR17 Bridgestone S01  94Y";40;3750
"275/40R18 Bridgestone RE040 RFT  99W";2;9500
"275/40R19 Bridgestone RE050  101Y";5;13500
"275/40R19 Bridgestone RE050 XL  105Y";3;13500
"275/40R19 Continental Pro Contact  101V";20;9700
"275/45R18 Bridgestone RE050  103Y";2;13450
"275/45R19 Nokian Hakka Z SUV XL  108Y";4;9100
"275/45R19 Vredestein Ultrac Vorti XL  108Y";2;11700
"275/50R20 Nokian Hakka Z SUV XL  113W";3;13500
"275/60R15 Bridgestone D686  107H";1;4850
"275/60R16 Toyo Proxes S/T II  109V";14;6300
"275/60R18 Bridgestone D684  113H";40;9000
"275/60R20 General Grabber HTS  119S";4;15700
"275/65R17 Bridgestone D840  114H";2;7950
"275/65R17 Nokian HT Sport Utility XL  119H";40;8450
"275/70R16 Bridgestone D680  114H";3;7950
"285/30R20 BF Goodrich G-Force T/A KDW  99Y";1;4500
"285/35R20 Pirelli Pzero  100Y";2;19750
"285/40R18 Bridgestone RE050 RFT  101Y";40;7850
"285/40R19 Bridgestone RE050A RFT  103Y";17;7850
"285/40R19 Bridgestone RE050A RFT  103Y";9;7850
"285/40R19 Bridgestone RE050A RFT  103Y";40;7850
"285/45R19 Bridgestone ER30  107V";1;9500
"285/45R19 Vredestein Ultrac Vorti  107Y";38;11100
"285/45R19 Vredestein Ultrac Vorti  107Y";40;11100
"285/50R18 Bridgestone D-Sport  109W";40;4950
"285/55R18 Bridgestone D-Sport  113V";40;5750
"285/60R17 Toyo Proxes S/T II  114V";8;9000
"285/60R18 Nokian HT Sport Utility  116H";40;9600
"285/65R17 Nokian HT Sport Utility  116H";11;8450
"285/65R17 Nokian HT Sport Utility  116H";40;8450
"295/30R19 Bridgestone Potenza S001 XL  100Y";1;6800
"295/30R19 Nokian Hakka Black XL  100Y";1;4500
"295/30R19 Vredestein Ultrac Sessanta XL  100Y";2;14600
"295/30R19 Vredestein Ultrac Sessanta XL  100Y";1;14600
"295/35R18 Bridgestone RE050A  99Y";21;6800
"295/35R20 Michelin Pilot Sport AS Plus  105V";20;11950
"295/35R21 Nokian Hakka Z SUV XL  107Y";1;15550
"305/35R20 Bridgestone RE050A RFT  104Y";2;6950
"31X10,50R15LT Cooper Discoverer A/T3  109R";2;6800
"31X10,5R15 Bridgestone D689  109R";2;6200
"31X10,5R15 Bridgestone D694  109S";2;6200
"31X10,5R15LT Nokian Rotiiva AT  109S";23;6700
"37X12,5R16,5LT BF Goodrich Baja T/A  127N";3;5750
"39X13,5R17LT BF Goodrich Baja T/A KRT  -";3;7700
"40X14,5R18 BF Goodrich Mud Terrain T/A  -";3;8000
"145/65R15 Bridgestone LM18  72T";1;2150
"145/70R13 First Stop Winter 2  71T";1;1500
"155/65R13 Dayton  DW510  73T";1;2000
"155/65R14 Nokian HKPL 8  75T";1;4200
"155/65R14 Firestone Winhawk 2 Evo  75T";1;2000
"155/65R14 Nokian HKPL R  75R";13;2750
"155/65R14 Nokian Nordman 5  75T";12;3100
"155/70R13 Dayton DW510  75T";40;1850
"155/70R13 First Stop Winter 2  75T";4;1850
"155/70R13 Gislaved Euro Frost 5  75T";40;2100
"155/70R13 Semperit Ice-Grip 3  75Q";11;2050
"155/80R13 Bridgestone Noranza  79Q";2;2800
"155/80R13 Continental CVC 5 XL  83T";1;1200
"155/80R13 Falken Espia EPZ  79Q";1;1200
"155/80R13 Mabor WinterJet 2  79T";1;1150
"155/80R13 Semperit Ice Grip 2  79Q";1;1700
"165/65R14 First Stop Winter 2  79T";1;1700
"165/70R13 Firestone Winhawk  79T";2;1550
"165/70R13 Vredestein Arctrac  79T";1;2150
"165/70R13 Wanli Winter Challenger  79T";1;1250
"165/70R14 Bridgestone LM20  81T";1;1250
"165/70R14 Dayton W510  81T";2;1550
"165/70R14 Nokian Nordman 4  81T";2;1500
"165/70R14C Continental Vanco Viking  89/87R";40;1900
"175/65R13 Bridgestone LM20  80T";21;2000
"175/65R13 Bridgestone LM20  80T";7;2000
"175/65R13 Dayton DW510  80T";1;2050
"175/65R13 Firestone Winhawk  80T";3;2050
"175/65R14 Nokian HKPL 8  86T";3;4550
"175/65R14 Nokian HKPL R2  86R";2;4300
"175/65R14 Bridgestone LM30  82T";1;2400
"175/65R14 Bridgestone Noranza 2 Evo  86T";1;2400
"175/65R14 Dayton 700S  82T";3;2450
"175/65R14 Dayton W510  82T";2;2400
"175/65R14 Firestone Winterhawk 2 Evo  86T";2;2450
"175/65R14 Firestone Winterhawk 2 Evo  82T";2;2450
"175/65R14 Meteor Spike  82T";2;3450
"175/65R14 Nokian HKPL 7  86T";35;4100
"175/65R14 Nokian Nordman 5 XL  86T";7;2550
"175/65R14 Nokian Nordman RS  82R";1;2150
"175/65R14 Pirelli Winter Carving Edge  82T";2;3150
"175/65R14 Vredestein Arctrac  82T";4;2500
"175/65R14 Vredestein Arctrac  82T";4;2500
"175/65R14 Vredestein Nord-Trac 2 XL  86T";2;3600
"175/65R14 Vredestein Nord-Trac 2 XL  86T";2;3600
"175/65R14C Bridgestone LM18  90T";2;2500
"175/65R14C Continental Viking Contact 2  90/88T";12;2050
"175/65R14C Nokian HKPL C Van  90/88Q";40;3850
"175/65R14C Nokian HKPL CR Van  90/88Q";40;3150
"175/65R15 Nokian HKPL 8  88T";32;5350
"175/65R15 Nokian HKPL 8  88T";40;5350
"175/65R15 Bridgestone LM30  84T";1;2450
"175/65R15 Federal Himalaya WS2  84T";1;1250
"175/65R15 First Stop Winter 2  84T";1;2450
"175/65R15 Marangoni 4 Winter XL  88T";1;2200
"175/65R15 Nokian HKPL 7  88T";15;4650
"175/65R15 Nokian HKPL R  88R";40;2550
"175/65R15 Pirelli W190 Snow Control  84T";1;1250
"175/70R13 Nokian HKPL 8  82T";2;3150
"175/70R13 Bridgestone LM20  82T";40;2200
"175/70R13 Bridgestone LM20  82T";40;2200
"175/70R13 Continental Viking Contact 6  86T";40;2150
"175/70R13 Dayton W510  82T";1;1850
"175/70R13 Goodyear Ultra Grip Ice Arctic  82T";40;2200
"175/70R13 Goodyear Ultra Grip Ice Arctic  82T";40;2200
"175/70R13 Ironman Polar Trax  82T";1;1250
"175/70R13 Nokian HKPL 5  82T";2;2500
"175/70R13 Nokian HKPL 7  82T";18;3450
"175/70R13 Nokian HKPL R  82R";40;2200
"175/70R13 Nokian Nordman 4  82T";1;2100
"175/70R13 Vredestein Arctrac  82T";40;1850
"175/70R13 Vredestein Arctrac  82T";40;1850
"175/70R14 Bridgestone Spike 01  84T";1;2600
"175/70R14 Dayton 700S  84T";6;2500
"175/70R14 Dayton W510  84T";2;1900
"175/70R14 Falken Espia EPZ  84Q";40;2500
"175/70R14 Firestone Winhawk 2  84T";1;1300
"175/70R14 Nokian HKPL R  88R";40;2250
"175/70R14 Nokian HKPL R  88R";40;2250
"175/80R14 Bridgestone LM18  88T";2;2100
"185/55R14 Bridgestone LM20  80T";2;2450
"185/55R15 Nokian HKPL 8  86T";20;6550
"185/55R15 Nokian HKPL 8  86T";8;6550
"185/55R15 Nokian HKPL R2  86R";36;5500
"185/55R15 Bridgestone LM-30  82T";20;3200
"185/55R15 Bridgestone LM30  82H";18;3200
"185/55R15 Bridgestone Noranza 2 Evo  86T";1;4150
"185/55R15 Bridgestone Spike 01  86T";40;4100
"185/55R15 Bridgestone Spike 01  86T";33;4100
"185/55R15 Dayton W510  82T";4;3250
"185/55R15 Nokian HKPL 5  86T";18;3500
"185/55R15 Nokian HKPL 5  86T";14;3500
"185/55R15 Nokian HKPL 7  86T";40;5400
"185/55R16 Bridgestone Noranza 2  87T";8;4550
"185/55R16 Nokian Nordman 4 XL  87T";40;3050
"185/60R14 Bridgestone LM30  82T";40;2450
"185/60R14 First Stop Winter 2  82T";2;2300
"185/60R14 Nokian Nordman 5  82T";2;3800
"185/60R15 Nokian HKPL 8  88T";2;4850
"185/60R15 Bridgestone LM30 XL  88T";1;2250
"185/60R15 Bridgestone Spike 01  88T";40;3800
"185/60R15 Bridgestone Spike 01  88T";40;3800
"185/60R15 Bridgestone WS70  88T";2;4200
"185/60R15 Bridgestone WS70  84T";2;2850
"185/60R15 Firestone Winterhawk 2 Evo  84T";2;2800
"185/60R15 Firestone Winterhawk 2 Evo  88T";1;2800
"185/60R15 First Stop Winter 2  84T";4;2800
"185/60R15 First Stop Winter 2  88T";1;2200
"185/60R15 Gislaved Soft Frost 3 XL  88T";29;3150
"185/60R15 Vredestein Nord-Trac 2 XL  88T";39;4050
"185/65R14 Nokian HKPL 8  90T";6;4900
"185/65R14 Nokian HKPL 8  90T";8;4900
"185/65R14 Bridgestone A001 All Season  86H";2;2650
"185/65R14 Bridgestone LM30  86T";20;2700
"185/65R14 Bridgestone LM30  86T";40;2700
"185/65R14 Dayton 700S  86T";1;2500
"185/65R14 Dayton W510  86T";40;2450
"185/65R14 Goodyear Ultra Grip Ice Arctic  86T";4;2850
"185/65R14 Nokian HKPL R  90R";40;2300
"185/65R14 Nokian HKPL R  90R";40;2300
"185/65R14 Nokian Nordman 4 XL  90T";1;1250
"185/65R14 Nokian Nordman 5 XL  90T";2;2550
"185/65R14 Pirelli W190 Snow Control  86T";1;1300
"185/65R14 Vredestein Arctrac  86T";1;2350
"185/65R14 Vredestein Nord-Trac  86Q";14;2300
"185/65R14 Vredestein Nord-Trac  86Q";30;2300
"185/65R14 Vredestein Nord-Trac 2 XL  90T";39;2400
"185/65R14 Vredestein Nord-Trac 2 XL  90T";40;2400
"185/65R15 Nokian HKPL 8  92T";40;4200
"185/65R15 Nokian HKPL 8  92T";40;4200
"185/65R15 Bridgestone Spike 01  92T";14;3050
"185/65R15 Bridgestone Spike 01  92T";40;3050
"185/65R15 Bridgestone WS70  92T";2;4300
"185/65R15 Bridgestone WS70  92T";1;4300
"185/65R15 Dayton 700S  88T";1;2500
"185/65R15 Nokian HKPL 7  92T";40;4550
"185/65R15 Vredestein Nord-Trac 2 XL  92T";4;4050
"185/65R15 Vredestein Nord-Trac 2 XL  92T";8;4050
"185/70R14 Nokian HKPL 8  92T";14;4800
"185/70R14 Nokian HKPL 8  92T";25;4800
"185/70R14 Bridgestone LM20  88T";40;2850
"185/70R14 Bridgestone Spike 01  92T";1;2850
"185/70R14 Dayton DW510  88T";40;2100
"185/70R14 Falken Espia EPZ  88Q";30;3000
"185/70R14 Firestone FW930  88T";10;2850
"185/70R14 Marangoni Meteogrip  88Q";2;2250
"185/70R14 Nokian HKPL 7  92T";2;3150
"185/70R14 Nokian HKPL R  92R";40;2550
"185/70R14 Nokian HKPL R  92R";40;2550
"185/70R14 Vredestein Arctrac  88T";40;2350
"185/70R14 Vredestein Arctrac  88T";40;2350
"185/75R16C Nokian HKPL C Cargo  104/102R";9;4550
"185/75R16C Nokian HKPL C Cargo  104/102R";40;4550
"185R14C Nokian HKPL C Van  102/100Q";15;5700
"185R14C Sailun Winterclaw Ice Blazer  102/100Q";40;4900
"185R14C Sailun Winterclaw Ice Blazer  102/100Q";2;4900
"195/50R15 Bridgestone LM30  82H";1;3200
"195/50R15 Dayton DW510  82H";1;3200
"195/50R15 Nokian HKPL 7 XL  86T";40;4950
"195/50R15 Wanli Winter Challen  82H";1;3250
"195/50R16 Nokian HKPL 8  88T";40;6700
"195/50R16 Nokian HKPL 8  88T";19;6700
"195/50R16 Nokian HKPL R2  88R";2;6200
"195/50R16 Nokian HKPL 7  88T";3;5250
"195/50R16 Nokian HKPL R  88R";2;4750
"195/55R15 Nokian HKPL 8  89T";38;6850
"195/55R15 Nokian HKPL R2  89R";26;5750
"195/55R15 Bridgestone LM30  85H";2;3200
"195/55R15 Bridgestone Spike 01  89T";1;3800
"195/55R15 Dayton W510  85H";14;2850
"195/55R15 Nokian HKPL 5  89T";1;3850
"195/55R15 Nokian HKPL 7  89T";1;5850
"195/55R15 Nokian Nordman 4 XL  89T";1;3100
"195/55R15 Nokian Nordman 5 XL  89T";4;4150
"195/55R16 Nokian HKPL 8  91T";40;7650
"195/55R16 Nokian HKPL 8  91T";3;7650
"195/55R16 Nokian HKPL 8 RFT  87T";36;8150
"195/55R16 Nokian HKPL 8 RFT  87T";40;8150
"195/55R16 Nokian HKPL R2  91R";1;6450
"195/55R16 Nokian HKPL R2 RFT  87R";40;9000
"195/55R16 Bridgestone Blizzak RFT  87Q";1;5300
"195/55R16 Bridgestone LM25  87H";14;3900
"195/55R16 Bridgestone LM30  87H";6;5150
"195/55R16 Bridgestone Spike 01  91T";16;4800
"195/55R16 Kumho I'Zen KW23 XRP RFT  87V";1;3400
"195/55R16 Nokian HKPL 5 XL  91T";21;3650
"195/55R16 Nokian HKPL 5 XL  91T";40;3650
"195/55R16 Nokian HKPL 7  91T";6;6400
"195/55R16 Nokian HKPL 7 RFT  87T";40;6750
"195/55R16 Nokian HKPL R  91R";40;4200
"195/55R16 Nokian HKPL R RFT  87R";20;5700
"195/55R16 Nokian HKPL R RFT  87R";40;5700
"195/55R16 Nokian Nordman 4  87T";6;3500
"195/60R15 Nokian HKPL 8  92T";12;5200
"195/60R15 Nokian HKPL 8  92T";2;5200
"195/60R15 BF Goodrich Winter S  88S";1;4050
"195/60R15 Bridgestone LM30  88T";21;3050
"195/60R15 Bridgestone LM30  88H";40;2600
"195/60R15 Bridgestone Spike 01  92T";40;3200
"195/60R15 Bridgestone Spike 01  92T";40;3200
"195/60R15 Bridgestone WS70  92T";16;4500
"195/60R15 Firestone Winhawk 2 Evo  88T";3;2900
"195/60R15 Gislaved Nord Frost 5  88T";3;3050
"195/60R15 Goodyear Ultra Grip Ice Arctic  88T";12;3150
"195/60R15 Michelin Primacy Alpin PA3  88H";1;3500
"195/60R15 Nokian HKPL R  92R";40;2800
"195/60R15 Nokian Nordman RS XL  92R";40;2550
"195/60R15 Sportiva Snow Win  88T";40;2350
"195/60R15 Vredestein DA Snowtrac  88H";2;3200
"195/60R16 Bridgestone LM-25  89H";1;3550
"195/60R16 Bridgestone LM25-1  89H";1;2200
"195/60R16 Nokian HKPL 5  93T";2;4900
"195/60R16 Nokian HKPL 5  93T";1;4900
"195/60R16 Nokian HKPL R XL  93R";1;3850
"195/65R15 Nokian HKPL R2  95R";1;4100
"195/65R15 Bridgestone LM25  91H";2;3250
"195/65R15 Bridgestone LM30  91T";11;3250
"195/65R15 Bridgestone LM32  91H";14;3250
"195/65R15 Bridgestone WS70  95T";1;4750
"195/65R15 Dayton 700S  91T";1;2250
"195/65R15 Dayton DW510  91H";40;2550
"195/65R15 Federal Himalaya WS2  95T";2;4100
"195/65R15 Firestone Winhawk 2  91T";1;3250
"195/65R15 Firestone Winhawk 2 Evo  91T";5;3250
"195/65R15 Gislaved Euro Frost 5  91H";2;3000
"195/65R15 Nokian Nordman 4 XL  95T";5;3300
"195/65R15 Nokian Nordman RS XL  95R";3;2900
"195/65R15 Vredestein Nord-Trac 2 XL  95T";39;4350
"195/65R15 Vredestein Nord-Trac 2 XL  95T";40;4350
"195/65R16 Bridgestone LM25  92H";5;3250
"195/65R16 Bridgestone Noranza 2  96T";3;5200
"195/65R16 Bridgestone Noranza 2 Evo  96T";40;4600
"195/65R16 Bridgestone Noranza 2 Evo  96T";15;4600
"195/65R16C Bridgestone Noranza Van  104/102R";14;4750
"195/65R16C Bridgestone Noranza Van  104/102R";2;4750
"195/65R16C Bridgestone W800  104/102T";1;3450
"195/65R16C Nokian HKPL C Van  104/102R";40;5350
"195/65R16C Nokian HKPL C3  104/102R";4;7350
"195/65R16C Nokian HKPL CR Van  104/102R";28;4750
"195/65R16C Nokian HKPL CR Van  104/102R";40;4750
"195/70R14 Falken Espia EPZ  91Q";8;3200
"195/70R15 Bridgestone LM18  97S";1;2900
"195/70R15 Nexen Winguard XL  97S";2;4250
"195/70R15C Bridgestone Noranza Van  104/102R";1;6200
"195/70R15C Nokian HKPL C Van  104/102R";2;7050
"195/70R15C Nokian HKPL CR Van  -";6;4600
"195/70R15C Nokian HKPL CR Van  -";40;4600
"195/70R15C Nokian HKPL CR3  104/102R";2;6600
"195/75R16C Nokian HKPL C Cargo  107/105R";40;4500
"195/75R16C Nokian HKPL C Cargo  107/105R";40;4500
"195/75R16C Nokian HKPL C3  107/105R";4;7000
"195/75R16C Nokian HKPL C3  107/105R";8;7000
"195/75R16C Nokian HKPL CR Cargo  107/105R";40;4500
"195R14C Nokian HKPL C2  106/104Q";40;3650
"205/45R17 Nokian HKPL 8 RFT  88V";3;13800
"205/45R17 Nokian HKPL 8 XL  88T";2;10400
"205/50R16 Firestone Winhawk  87H";9;3250
"205/50R16 Nokian Nordman 4 XL  91T";1;3750
"205/50R17 Nokian HKPL 8  93T";2;10050
"205/50R17 Nokian HKPL 8 RFT  89T";24;13550
"205/50R17 Nokian HKPL 8 RFT  89T";3;13550
"205/50R17 Nokian HKPL R2  93R";1;9500
"205/50R17 Nokian HKPL R2 RFT  89R";40;10300
"205/50R17 Bridgestone LM25 RFT  89H";40;4550
"205/50R17 Bridgestone WS70  93T";12;8450
"205/50R17 Firestone Winterhawk 2 Evo XL  93V";40;4000
"205/50R17 Nokian HKPL 7  93T";40;7450
"205/50R17 Nokian HKPL R  93R";40;6100
"205/50R17 Nokian HKPL R  93R";12;6100
"205/50R17 Nokian HKPL R RFT  89R";40;7550
"205/55R16 Nokian HKPL 8 RFT  91T";40;10350
"205/55R16 Nokian HKPL 8 RFT  91T";14;10350
"205/55R16 Bridgestone LM-35 XL  94V";1;3250
"205/55R16 Bridgestone LM30  91T";1;3300
"205/55R16 Bridgestone WS70  94T";17;6400
"205/55R16 Bridgestone WS70  94T";4;6400
"205/55R16 Bridgestone WS70  91T";1;3700
"205/55R16 Continental TS850  91H";2;7100
"205/55R16 Continental Viking Contact 6  94T";39;4900
"205/55R16 Continental Viking Contact 6  94T";40;4900
"205/55R16 Dayton DW510  91T";1;3250
"205/55R16 Firestone Winterhawk 2 Evo XL  94V";1;3700
"205/55R16 Nokian HKPL 7  94T";40;5550
"205/55R16 Nokian HKPL 7  94T";40;5550
"205/55R16 Nokian HKPL 7 RFT  91T";5;6750
"205/55R16 Nokian HKPL R RFT  -";40;6750
"205/55R16 Nokian HKPL R SUV XL  94R";1;4850
"205/55R16 Roadstone Winguard Ice  91Q";1;3550
"205/55R16 Vredestein Arctrac XL  94T";6;4550
"205/55R16 Vredestein Arctrac XL  94T";40;4550
"205/55R16 Vredestein DA Snowtrac XL  94H";1;3300
"205/55R16 Vredestein Wintrac xtreme XL  94T";2;6200
"205/55R17 Bridgestone LM25  91V";5;9200
"205/55R17 Bridgestone LM25-1 RFT  91H";1;4550
"205/60R15 Bridgestone LM25  91H";10;3250
"205/60R15 Bridgestone LM25  91H";1;3250
"205/60R15 Falken Espia EPZ  91Q";8;3200
"205/60R15 Firestone Winterhawk 2 EVO  81T";40;3250
"205/60R15 Matador MP 92 Sibir Snow  91H";40;1950
"205/60R15 Nokian Nordman 5 XL  95T";8;3900
"205/60R16 Nokian HKPL 8  96T";40;7000
"205/60R16 Nokian HKPL 8 RFT  92T";22;10350
"205/60R16 Nokian HKPL 8 RFT  92T";40;10350
"205/60R16 Nokian HKPL R2  96R";4;6250
"205/60R16 Nokian HKPL R2 RFT  92R";4;7800
"205/60R16 Nokian HKPL R2 RFT  92R";38;7800
"205/60R16 Bridgestone LM25-1  92H";23;4050
"205/60R16 Bridgestone Spike 01  96T";40;4700
"205/60R16 Bridgestone Spike 01  96T";40;4700
"205/60R16 Bridgestone WS70  96T";21;6200
"205/60R16 Bridgestone WS70  96T";4;6200
"205/60R16 Continental Viking Cont 5 XL  96T";9;5650
"205/60R16 Nokian HKPL 7 XL  96T";40;5700
"205/60R16 Nokian HKPL 7 XL  96T";40;5700
"205/60R16 Nokian HKPL R RFT  92R";13;6800
"205/60R16 Nokian HKPL R RFT  92R";40;6800
"205/60R16 Nokian Nordman 5 XL  96T";2;4600
"205/60R16C Bridgestone LM18C  100/98T";3;4100
"205/65R15 Nokian HKPL 8  99T";4;5950
"205/65R15 Nokian HKPL R2  99R";1;4950
"205/65R15 Bridgestone LM25  94H";1;2950
"205/65R15 Bridgestone LM32C LAML  102/100T";3;6700
"205/65R15 Bridgestone WS70  99T";8;5500
"205/65R15 Dayton 700S  94Q";1;2600
"205/65R15 Dayton DW510  94T";1;2550
"205/65R15 Falken Espia EPZ  94Q";40;3350
"205/65R15 General Altimax Arctic  94Q";40;3450
"205/65R15 General Altimax Arctic  94Q";40;3450
"205/65R15 Nokian HKPL 7  99T";4;3850
"205/65R15 Nokian HKPL 7  99T";14;3850
"205/65R15 Nokian HKPL R  -";40;4250
"205/65R15 Nokian Nordman 4  94T";7;3600
"205/65R15 Vredestein Nord-Trac  94Q";40;2250
"205/65R15 Vredestein Nord-Trac  94Q";4;2250
"205/65R15C Firestone Winhawk  102/100T";2;4500
"205/65R15C Goodyear Cargo Ultra Grip  102/100T";34;4050
"205/65R15C Goodyear Cargo Ultra Grip  102/100T";40;4050
"205/65R15C Nokian HKPL CR V  102/100R";24;4350
"205/65R15C Nokian HKPL CR V  102/100R";40;4350
"205/65R15C Nokian WR C Van  102/100T";2;3750
"205/65R15C Nokian WR C Van  102/100T";40;3750
"205/65R16 Nokian HKPL 8  99T";2;7650
"205/65R16 Nokian HKPL 8  99T";1;7650
"205/65R16 Bridgestone WS70  95T";1;3950
"205/65R16 Falken Espia EPZ  95Q";28;4600
"205/65R16 Michelin X-Ice XI3  99T";1;5100
"205/65R16 Michelin X-Ice XI3  99T";4;5100
"205/65R16C Bridgestone W800  107/105T";1;2500
"205/65R16C Bridgestone W965  107/105Q";2;6650
"205/65R16C Nokian HKPL C3  107/105R";1;7600
"205/65R16C Nokian HKPL CR Van  107/105R";9;5150
"205/65R16C Nokian HKPL CR Van  107/105R";40;5150
"205/70R15 Nokian HKPL R2 SUV  100R";4;7000
"205/70R15 Arctic Claw 96S  96S";1;3950
"205/70R15 General Snow Grabber  96T";40;3000
"205/70R15 General Snow Grabber  96T";40;3000
"205/70R15 Michelin X-Ice X12 GRNX  96T";11;3600
"205/70R15 Michelin X-Ice X12 GRNX  96T";40;3600
"205/70R15 Nokian HKPL 5  100T";1;3450
"205/70R15 Nokian Nordman 5 XL  100T";1;2650
"205/70R15C Nokian HKPL C3  106/104R";18;7450
"205/70R15C Nokian HKPL CR Van  106/104R";1;4750
"205/75R16C Bridgestone Noranza Van  110/108R";3;7750
"205/75R16C Nokian HKPL C Cargo  113/111R";1;5950
"205/75R16C Nokian HKPL C3  113/111R";16;7600
"205/75R16C Nokian HKPL C3  113/111R";2;7600
"205/80R16 BF Goodrich Winter Slalom  104S";1;4350
"205R14C Firestone CV W3000  109/107P";40;4500
"205R16C Nokian HKPL C3  110/108Q";3;8150
"215/45R17 Nokian HKPL 7 XL  91T";7;9600
"215/45R18 Nokian HKPL 8 XL  93T";1;11950
"215/45R20 Nokian HKPL R2 XL  95R";10;14600
"215/50R17 Nokian HKPL 8  95T";40;9650
"215/50R17 Nokian HKPL 8  95T";40;9650
"215/50R17 Falken Espia EPZ  91Q";1;6100
"215/50R17 Nokian HKPL 7  95T";40;7900
"215/55R16 Nokian HKPL 8  97T";37;8350
"215/55R16 Nokian HKPL 8  97T";40;8350
"215/55R16 Nokian HKPL R2  97R";36;7050
"215/55R16 Bridgestone A001 All Season  93V";40;4850
"215/55R16 Bridgestone LM30  93H";3;4850
"215/55R16 Bridgestone LM30 XL  97H";7;4850
"215/55R16 Bridgestone LM35  93V";1;4850
"215/55R16 Bridgestone Noranza 2 Evo  97T";3;4600
"215/55R16 Bridgestone Spike 01  97T";40;5100
"215/55R16 Bridgestone Spike 01  97T";40;5100
"215/55R16 Bridgestone WS70  97T";18;6850
"215/55R16 Continental Viking Contact 6  97T";40;5350
"215/55R16 Continental Viking Contact 6  97T";40;5350
"215/55R16 Firestone Winhawk 2 Evo XL  97H";7;4850
"215/55R16 Hankook Winter I*Zept IZ  93T";4;5300
"215/55R16 Meteor Spike  97T";1;5150
"215/55R16 Nokian HKPL 7  97T";40;6200
"215/55R16 Nokian HKPL R XL  -";9;5250
"215/55R16 Vredestein Arctrac XL  97T";4;4600
"215/55R16 Vredestein DA Wintrac 2  XL  97H";1;4900
"215/55R16 Vredestein Nord-Trac 2 XL  97T";40;5000
"215/55R16 Vredestein Nord-Trac 2 XL  97T";1;5000
"215/55R17 Nokian HKPL 8  98T";40;10400
"215/55R17 Nokian HKPL 8  98T";40;10400
"215/55R17 Nokian HKPL R2  98R";1;9700
"215/55R17 Bridgestone Spike 01  98T";40;6100
"215/55R17 Bridgestone Spike 01  98T";40;6100
"215/55R17 Continental Viking Contact 6  98T";3;6050
"215/55R17 Jinyu Tires YW52  94H";1;3950
"215/55R17 Michelin X-Ice North XIN2 XL  98T";9;6700
"215/55R17 Michelin X-Ice North XIN2 XL  98T";40;6700
"215/55R17 Nokian HKPL 7  98T";2;8700
"215/55R17 Nokian HKPL 7  98T";40;8700
"215/55R18 Nokian HKPL 8 SUV  99T";16;12950
"215/55R18 Nokian HKPL 8 SUV  99T";7;12950
"215/55R18 Nokian HKPL 7 SUV  99T";40;7700
"215/55R18 Nokian HKPL 7 SUV  99T";40;7700
"215/60R15 Nokian Nordman 2  94T";1;1400
"215/60R16 Nokian HKPL 8  99T";29;7950
"215/60R16 Nokian HKPL R2  99R";40;7100
"215/60R16 Nokian HKPL R2  99R";40;7100
"215/60R16 Dayton DW510 XL  99H";1;5250
"215/60R16 Falken Espia EPZ  95Q";40;4300
"215/60R16 Firestone Winterforce  95S";1;6150
"215/60R16 Marangoni 4 ICE E+  99T";40;4150
"215/60R16 Nokian HKPL 7  99T";40;6250
"215/60R16 Nokian HKPL R  99R";40;4250
"215/60R16 Nokian HKPL R  99R";40;4250
"215/60R16 Nokian Nordman 4 XL  99T";1;4000
"215/60R16 Vredestein Arctrac XL  99T";15;5000
"215/60R16 Vredestein Arctrac XL  99T";15;5000
"215/60R16 Vredestein Nord-Trac 2 XL  99T";5;5250
"215/60R16 Vredestein Nord-Trac 2 XL  99T";8;5250
"215/60R16C Bridgestone LM18C  103/101T";1;5300
"215/60R16C Nokian HKPL C Van  108/106R";1;4150
"215/60R17 Nokian HKPL 8 SUV  100T";40;9650
"215/60R17 Nokian HKPL 8 SUV  100T";40;9650
"215/60R17 Apollo Hawkz Winter  96H";2;4900
"215/60R17 Bridgestone LM25-4  96H";1;5350
"215/60R17 Nokian HKPL 7 SUV  100T";40;10350
"215/60R17 Nokian HKPL R SUV  100R";1;4000
"215/60R17C Nokian HKPL  CR  Van  109/107R";4;5300
"215/60R17C Nokian HKPL  CR  Van  109/107R";40;5300
"215/60R17C Nokian WR C Van  109/107T";40;5300
"215/65R15 Bridgestone LM-25  96H";1;3000
"215/65R15 Michelin X-Ice XI2 GRNX  96T";14;4200
"215/65R16 Nokian HKPL 8 SUV  102T";40;6150
"215/65R16 Nokian HKPL 8 SUV  102T";40;6150
"215/65R16 Bridgestone Spike 01  102T";2;4750
"215/65R16 Bridgestone Spike 01  102T";40;4750
"215/65R16 Bridgestone WS70  102T";3;6250
"215/65R16 Falken Espia EPZ  98Q";40;4300
"215/65R16 Meteor Winter  98H";1;4650
"215/65R16 Nokian HKPL 7 SUV XL  102T";40;5500
"215/65R16 Nokian HKPL 7 SUV XL  102T";40;5500
"215/65R16 Pirelli Winter Ice Control  102T";1;5650
"215/65R16 Pirelli Winter Scorpion  102H";1;1400
"215/65R16 Vredestein Nord-Trac 2 XL  102T";1;5150
"215/65R16C Bridgestone LM18  106/104T";36;5400
"215/65R16C Bridgestone W965  109/107Q";4;8200
"215/65R16C Firestone Vanhawk Winter  106/104T";2;5350
"215/65R16C Nokian HKPL C3  109/107R";1;7900
"215/65R16C Nokian HKPL CR3  109/107R";4;8200
"215/65R17 Nokian HKPL R2 SUV  103R";40;8100
"215/65R17 Continental TS810  98T";40;3350
"215/70R15 Michelin X-Ice X12 GRNX  98T";40;3350
"215/70R15C Vredestein Ice Comtrac  109R";7;4850
"215/70R16 Nokian HKPL 8 SUV  100T";40;7850
"215/70R16 Nokian HKPL 8 SUV  100T";40;7850
"215/70R16 Nokian HKPL R2 SUV  100R";2;8550
"215/70R16 General Snow Grabber  100T";20;4100
"215/70R16 Hankook Dynapro I*cept RW08  100Q";14;4450
"215/70R16 Hankook Dynapro I*cept RW08  100Q";40;4450
"215/70R16 Nokian HKPL 7 SUV  100T";23;6950
"215/70R16 Nokian HKPL 7 SUV  100T";40;6950
"215/70R16 Nokian HKPL R SUV  100R";1;4700
"215/70R16 Nokian Nordman SUV  100T";4;6050
"215/70R17 Nokian HKPL 7 SUV  101T";1;8100
"215/75R16C Bridgestone W800  113/111R";1;5500
"215/75R16C Bridgestone W800  116/114Q";1;5500
"215/75R16C Bridgestone W810  113/111R";2;9300
"215/75R16C Continental Vanco Ice Contact  113/111R";4;6250
"215/75R16C Firestone Vanhawk Winter  113/111R";1;5500
"215/75R16C Nokian HKPL C Cargo  116/114R";40;5650
"215/75R16C Nokian HKPL C Cargo  116/114R";40;5650
"215/75R16C Nokian HKPL C3  116/114R";6;8350
"215/75R16C Nokian HKPL CR  116R";40;5900
"215/75R16C Nokian HKPL CR Cargo  116/114R";40;5900
"215/85R16 Michelin XJE 4 Plus  120/118L";8;4600
"225/40R18 Nokian HKPL 8  92T";11;13250
"225/40R18 Nokian HKPL 8  92T";34;13250
"225/40R18 Nokian HKPL R2  92R";6;11300
"225/40R18 Bridgestone Spike 01  92T";40;8900
"225/40R18 Bridgestone WS70  88T";12;10600
"225/40R18 Firestone Winterhawk 2 Evo  92V";1;5200
"225/45R17 Nokian HKPL 8  94T";13;10800
"225/45R17 Nokian HKPL 8  94T";40;10800
"225/45R17 Nokian HKPL 8 RFT  91T";12;14600
"225/45R17 Nokian HKPL 8 RFT  91T";40;14600
"225/45R17 Nokian HKPL R2 RFT  91R";4;13400
"225/45R17 Nokian HKPL R2 RFT  91R";24;13400
"225/45R17 Bridgestone WS70  94T";10;9150
"225/45R17 Federal Himalaya W  94V";1;5150
"225/45R17 Firestone Winterhawk 2 Evo  91H";2;5250
"225/45R17 Nokian HKPL 7  94T";4;8750
"225/45R17 Nokian HKPL 7  94T";40;8750
"225/45R17 Nokian HKPL 7 RFT  91T";40;8350
"225/45R17 Nokian HKPL R RFT  91R";40;7450
"225/45R18 Nokian HKPL 8  95T";4;13500
"225/45R18 Nokian HKPL 8  95T";29;13500
"225/45R18 Nokian HKPL R2  95R";23;11850
"225/45R18 Bridgestone WS70  95T";2;10250
"225/45R18 Dunlop SP Win Sport 4D XL  95V";1;11400
"225/45R19 Nokian HKPL 8  96T";7;14700
"225/50R16 Bridgestone LM35  96V";7;3700
"225/50R16 Firestone Winterhawk  92H";1;3750
"225/50R16 Nokian Nordman 4 XL  96T";40;3300
"225/50R17 Nokian HKPL 8  98T";3;10800
"225/50R17 Nokian HKPL 8  98T";24;10800
"225/50R17 Nokian HKPL 8 RFT  94T";10;15000
"225/50R17 Nokian HKPL 8 RFT  94T";40;15000
"225/50R17 Nokian HKPL R2 RFT  94R";13;12600
"225/50R17 Nokian HKPL R2 RFT  94R";40;12600
"225/50R17 Bridgestone LM-22 RFT  94H";4;5450
"225/50R17 Bridgestone LM-25-1 RFT  94H";40;5400
"225/50R17 Bridgestone WS70  98T";23;9450
"225/50R17 General Altimax Nordic  98T";40;5700
"225/50R17 Nokian HKPL 7  98T";40;8650
"225/50R17 Nokian HKPL R  98R";24;6200
"225/50R17 Nokian HKPL R  98R";40;6200
"225/50R17 Sportiva Snow Winter XL  98V";40;5100
"225/50R17 Vredestein Arctrac XL  98T";19;5700
"225/50R17 Vredestein Arctrac XL  98T";40;5700
"225/50R18 Nokian HKPL 8 XL  99T";18;13800
"225/50R18 Continental Viking Contact 5XL  99T";5;5700
"225/55R16 Nokian HKPL 8  99T";40;9650
"225/55R16 Nokian HKPL 8  99T";4;9650
"225/55R16 Nokian HKPL R2  99R";2;8500
"225/55R16 Bridgestone LM-32 XL  99H";40;5250
"225/55R16 Bridgestone LM30  99V";11;5300
"225/55R16 Bridgestone LM30  95H";11;5300
"225/55R16 Bridgestone LM30  99V";32;5300
"225/55R16 Bridgestone LM30 XL  99H";6;5300
"225/55R16 Bridgestone Noranza 2 Evo  99T";1;6350
"225/55R16 Bridgestone Spike 01  99T";40;5900
"225/55R16 Bridgestone Spike 01  99T";40;5900
"225/55R16 Continental Viking Cont 5 XL  99T";40;4800
"225/55R16 Continental Viking Cont 5 XL  99T";40;4800
"225/55R16 Dayton W510  95H";6;5300
"225/55R16 Federal Himalaya WS XL  99T";2;5250
"225/55R16 Firestone Winterhawk 2 EVO  95H";6;5250
"225/55R16 Firestone Winterhawk 2 EVO  95H";22;5250
"225/55R16 Firestone Winterhawk 2 EVO  99H";22;5300
"225/55R16 Nokian HKPL 5  99T";17;6750
"225/55R16 Nokian HKPL 7  99T";4;6450
"225/55R16 Nokian HKPL R  99R";40;5100
"225/55R16 Vredestein Arctrac  95T";40;5000
"225/55R16 Vredestein Arctrac  95T";40;5000
"225/55R16 Vredestein Nord-Trac Xtreme XL  99Q";8;4600
"225/55R16 Vredestein Nord-Trac Xtreme XL  99Q";40;4600
"225/55R17 Nokian HKPL 8  101T";40;11250
"225/55R17 Nokian HKPL 8  101T";35;11250
"225/55R17 Nokian HKPL 8 RFT  97T";40;13400
"225/55R17 Nokian HKPL R2  101R";4;9250
"225/55R17 Nokian HKPL R2 RFT  97R";40;13050
"225/55R17 Bridgestone LM80 XL  101V";1;5350
"225/55R17 Nokian HKPL 7  101T";3;8550
"225/55R17 Nokian HKPL 7  101T";40;8550
"225/55R17 Nokian HKPL R  101R";1;7050
"225/55R17 Nokian Nordman 4 XL  101T";14;4850
"225/55R17 Nokian Nordman 4 XL  101T";40;4850
"225/55R17 Roadstone Winspike  101T";1;5200
"225/55R18 Nokian HKPL 8 SUV  102T";4;12850
"225/55R18 Bridgestone DM-V1  98R";11;11850
"225/55R18 Nokian HKPL 7 SUV  102T";14;10100
"225/55R18 Nokian HKPL 7 SUV  102T";40;10100
"225/55R18 Nokian HKPL R SUV  102R";13;9150
"225/60R16 Nokian HKPL 8  102T";16;9700
"225/60R16 Nokian HKPL 8  102T";2;9700
"225/60R16 Nokian HKPL R2  102R";2;7750
"225/60R16 BF Goodrich Winter  -";1;4600
"225/60R16 Bridgestone LM25  98H";3;5300
"225/60R16 Bridgestone Noranza 2 Evo  102T";2;5500
"225/60R16 Bridgestone Noranza 2 Evo  102T";4;5500
"225/60R16 Bridgestone Spike 01  102T";10;7300
"225/60R16 Bridgestone Spike 01  102T";12;7300
"225/60R16 Bridgestone WS70  98T";3;5300
"225/60R16 Goodyear UG8 Performance  98H";2;3900
"225/60R16 Nokian HKPL 5 XL  102T";5;5750
"225/60R16 Nokian HKPL R  102R";13;5050
"225/60R17 Nokian HKPL 8 SUV  103T";8;10000
"225/60R17 Nokian HKPL 8 SUV  103T";40;10000
"225/60R17 Nokian HKPL 8 SUV RFT  99T";40;15250
"225/60R17 Nokian HKPL R2 SUV  103R";40;9350
"225/60R17 Nokian HKPL R2 SUV  103R";40;9350
"225/60R17 Nokian HKPL R2 SUV RFT  99R";40;12950
"225/60R17 Bridgestone DM-V1  99R";4;9600
"225/60R17 Bridgestone LM18  99H";2;5350
"225/60R17 Falken Espia EPZ  99Q";40;5450
"225/60R17 Nokian HKPL 7 SUV  103T";23;8500
"225/60R17 Nokian HKPL 7 SUV  103T";40;8500
"225/60R17 Nokian HKPL 7 SUV RFT  99T";40;9750
"225/60R17 Nokian HKPL 7 SUV RFT  99T";40;9750
"225/60R18 Hankook Dynapro I*Cept RW08  100Q";1;5650
"225/60R18 Kumho I'Zen RV KC16 XL  104T";2;6500
"225/60R18 Nokian HKPL 7 SUV  104T";40;10250
"225/60R18 Nokian HKPL 7 SUV  104T";40;10250
"225/65R16C Bridgestone Noranza Van  112/110R";4;8200
"225/65R16C Nokian HKPL C3  112/110R";14;8850
"225/65R16C Nokian HKPL CR Cargo  112/110R";20;6500
"225/65R16C Nokian HKPL CR Cargo  112/110R";40;6500
"225/65R16C Nokian HKPL CR3  112/110R";16;8850
"225/65R17 Bridgestone Spike 01  106T";40;6850
"225/65R17 Bridgestone Spike 01  106T";40;6850
"225/65R17 Hankook Dynapro I*Cept RW08  101Q";20;5050
"225/65R17 Hankook Dynapro I*Cept RW08  101Q";40;5050
"225/65R17 Nokian HKPL 7 SUV  106T";40;7800
"225/65R17 Nokian HKPL 7 SUV  106T";40;7800
"225/65R17 Vredestein Arctrac SUV  -";1;6200
"225/65R18 Nokian HKPL 5 SUV  107T";24;6500
"225/65R18 Nokian HKPL 5 SUV  107T";40;6500
"225/70R15 Bridgestone DM-Z3  100Q";2;4500
"225/70R15C Vredestein Ice Comtrac  -";1;6550
"225/70R16 Nokian HKPL R2 SUV  107R";24;8900
"225/70R16 Continental Cross Cont Viking  107Q";40;4950
"225/70R16 Continental Cross Cont Viking  107Q";40;4950
"225/70R16 Continental Cross Cont Winter  102H";14;4150
"225/70R16 General Snow Grabber  102T";15;4750
"225/70R16 Michelin Latitude Alpin  103T";1;5250
"225/70R16 Nokian HKPL R SUV  107R";2;5450
"225/70R16 Nokian Nordman SUV  103T";40;4600
"225/70R16 Vredestein Arctrac SUV  103T";40;5200
"225/70R16 Vredestein Arctrac SUV  103T";40;5200
"225/75R16 Continental Vanco FS  121R";4;11700
"225/75R16 Nokian HKPL LT  115/112Q";2;5050
"225/75R16C Nokian HKPL CR Cargo  121/120R";20;7200
"225/75R16C Nokian HKPL CR Cargo  121/120R";40;7200
"225/75R17LT Nokian HKPL LT 2  116/113Q";8;10950
"235/30R20 Vredestein DA Wintrac xtreme  88W";1;9150
"235/40R18 Nokian HKPL 8  95T";36;13550
"235/40R18 Nokian HKPL 8  95T";10;13550
"235/40R18 Nokian HKPL R2  95R";4;11550
"235/40R18 Nokian HKPL R2  95R";1;11550
"235/40R18 Bridgestone WS70 XL  95T";12;11200
"235/40R18 Nokian HKPL 7  95T";8;12100
"235/40R19 Nokian HKPL 8  96H";2;13500
"235/45R17 Nokian HKPL 8  97T";16;10700
"235/45R17 Nokian HKPL 8  97T";40;10700
"235/45R17 Nokian HKPL R2  97R";6;10250
"235/45R17 Bridgestone LM25 XL  97V";1;5700
"235/45R17 Bridgestone Spike 01  97T";33;7100
"235/45R17 Bridgestone WS70  97T";10;9950
"235/45R17 Bridgestone WS70  97T";3;9950
"235/45R17 Kumho I'Zen KW22 XL  97T";1;5750
"235/45R17 Michelin X-Ice 3 XL  97H";2;9050
"235/45R17 Nokian HKPL 7  97T";4;10700
"235/45R17 Nokian HKPL 7  97T";40;10700
"235/45R18 Nokian HKPL 8  98T";40;13600
"235/50R18 Nokian HKPL 8  101T";40;14600
"235/50R18 Nokian HKPL 8  101T";7;14600
"235/50R18 Bridgestone LM80  97H";1;6500
"235/50R18 Nokian HKPL 7  101T";9;9800
"235/55R17 Nokian HKPL 8  103T";40;9850
"235/55R17 Nokian HKPL 8  103T";40;9850
"235/55R17 Nokian HKPL 8 SUV  103T";24;11550
"235/55R17 Nokian HKPL 8 SUV  103T";40;11550
"235/55R17 Nokian HKPL R2  103R";8;9700
"235/55R17 Bridgestone LM22  99V";3;6150
"235/55R17 Bridgestone LM80  99H";1;6100
"235/55R17 Bridgestone WS70  103T";2;9650
"235/55R17 Michelin X-Ice XI3 GRNX  99H";1;7950
"235/55R18 Bridgestone LM-25 4x4  100H";40;6250
"235/55R18 Bridgestone LM25-4X4  100H";40;6150
"235/55R18 Bridgestone LM25-4X4  100H";13;6150
"235/55R18 Bridgestone Spike 01  104T";24;7750
"235/55R18 Bridgestone Spike 01  104T";40;7750
"235/55R18 Continental Cross Cont Viking  104Q";1;6850
"235/55R18 Kumho I'Zen RV KC15 Asymmetric  100H";40;5500
"235/55R18 Nokian HKPL 7 SUV  104T";11;10000
"235/55R18 Nokian HKPL 7 SUV  104T";40;10000
"235/55R18 Nokian HKPL R SUV XL  104R";1;9250
"235/55R19 Gislaved Nord Frost 100 XL  105T";20;10350
"235/55R19 Nokian HKPL 7 SUV  105T";32;10950
"235/55R19 Nokian HKPL 7 SUV  105T";40;10950
"235/60R16 Bridgestone Spike 01  100T";5;5400
"235/60R16 Nokian HKPL 5 XL  104T";3;5400
"235/60R16 Nokian HKPL R  104R";40;6750
"235/60R16 Nokian Nordman 5 SUV XL  104T";9;5450
"235/60R17 Nokian HKPL 8 SUV  106T";4;12000
"235/60R17 Bridgestone DM-V1  102R";1;6200
"235/60R17 Bridgestone SPIKE 01  106T";23;8950
"235/60R17 Continental Cross Cont Viking  106Q";2;6200
"235/60R17 Nokian HKPL  5 SUV  106T";31;6600
"235/60R17 Nokian HKPL  5 SUV  106T";40;6600
"235/60R17 Nokian HKPL 7 SUV  106T";40;9450
"235/60R17 Nokian HKPL R SUV  106R";1;6500
"235/60R18 Nokian HKPL 8 SUV  107T";40;12800
"235/60R18 Nokian HKPL 8 SUV  107T";24;12800
"235/60R18 Barum Polaris 3 4x4 XL  107H";1;4200
"235/60R18 Bridgestone LM25 4x4  107H";1;5400
"235/60R18 Bridgestone LM80 XL  107V";1;4000
"235/60R18 Bridgestone Spike 01  107T";40;8200
"235/60R18 Bridgestone Spike 01  107T";40;8200
"235/60R18 Continental Viking Contact 6  107T";40;8600
"235/60R18 General Snow Grabber XL  107H";40;5550
"235/60R18 Gislaved Euro Frost 5 SUV XL  107H";3;6900
"235/60R18 Hankook Nordik IZ  103T";1;5300
"235/60R18 Kumho I'Zen RV KC16 XL  107T";8;5650
"235/60R18 Marangoni Meteo HP SUV XL  107V";5;4950
"235/60R18 Nokian HKPL 7 SUV  107T";40;9550
"235/60R18 Nokian HKPL 7 SUV  107T";40;9550
"235/60R18 Nokian HKPL R  SUV  107R";40;5700
"235/60R18 Nokian HKPL R  SUV  107R";40;5700
"235/60R18 Sportiva Snow Winter 4x4 XL  107H";40;4700
"235/60R18 Vredestein Arctrac SUV  XL  107T";19;6900
"235/60R18 Vredestein Arctrac SUV  XL  107T";9;6900
"235/65R16C Vredestein Ice Comtrac  115/113R";40;7300
"235/65R16C Vredestein Ice Comtrac  115/113R";40;7300
"235/65R17 Bridgestone LM25 4x4  104H";2;6250
"235/65R17 Bridgestone LM80  104H";1;6250
"235/65R17 Marangoni 4 Ice E+ DA  108T";40;5050
"235/65R17 Nokian HKPL 5 SUV  108T";3;7400
"235/65R17 Nokian HKPL 5 SUV  108T";2;7400
"235/65R17 Nokian HKPL 7 SUV  108T";5;8250
"235/65R17 Nokian HKPL 7 SUV  108T";40;8250
"235/65R17 Nokian HKPL R SUV  108R";21;7200
"235/65R17 Nokian HKPL R SUV  108R";35;7200
"235/65R17 Sportiva Snow Winter XL  108H";17;5200
"235/65R17 Vredestein Arctrac SUV XL  108T";40;5850
"235/65R17 Vredestein Arctrac SUV XL  108T";4;5850
"235/65R18 Bridgestone DM-V1  106R";4;6700
"235/65R18 Bridgestone LM 25 4x4  106H";40;5000
"235/65R18 Nokian HKPL 5 SUV  110T";40;6900
"235/65R18 Nokian HKPL 5 SUV  110T";40;6900
"235/65R18 Nokian HKPL R SUV  110R";5;7550
"235/65R18 Vredestein DA Wintrac 4xtrem  110H";1;4400
"235/70R16 Nokian HKPL R2 SUV  106R";16;9300
"235/70R16 Bridgestone Spike 01  106T";40;7400
"235/70R16 Bridgestone Spike 01  106T";40;7400
"235/70R16 Nokian HKPL R SUV  106R";2;5500
"235/75R15 BF Goodrich  108S";3;4200
"235/75R15 Bridgestone LM25-4 XL  109T";1;6250
"235/75R15 Nokian Nordman 5 SUV  105T";1;6550
"235/75R15 Nokian Nordman SUV  105T";1;5150
"245/35R19 Nokian HKPL R2 XL  93R";2;12350
"245/35R20 Nokian HKPL 8 XL  95T";2;17300
"245/40R17 Bridgestone LM22  91H";1;5300
"245/40R18 Nokian HKPL 8  97T";14;13600
"245/40R18 Bridgestone Spike 01  93T";24;10500
"245/40R18 Bridgestone WS70  93T";8;11400
"245/40R18 Nokian HKPL 7  97T";11;12300
"245/40R19 Nokian HKPL 8  98T";28;13850
"245/40R19 Nokian HKPL 8  98T";1;13850
"245/40R19 Nokian HKPL 7  98T";15;12700
"245/45R17 Nokian HKPL 8  99T";22;13050
"245/45R17 Nokian HKPL 8  99T";37;13050
"245/45R17 Bridgestone LM25 RFT  99V";1;5450
"245/45R17 Bridgestone LM25 XL  99V";1;5350
"245/45R17 Bridgestone LM32 XL  99H";1;5450
"245/45R17 Bridgestone Spike 01  99T";1;7500
"245/45R17 Bridgestone Spike 01  99T";4;7500
"245/45R17 Bridgestone WS70  95T";10;10600
"245/45R17 Bridgestone WS70  95T";2;10600
"245/45R17 Nokian HKPL 5 XL  99T";40;6750
"245/45R17 Nokian HKPL 5 XL  99T";40;6750
"245/45R18 Nokian HKPL 8  100T";29;14300
"245/45R18 Nokian HKPL 8  100T";40;14300
"245/45R18 Nokian HKPL 8 RFT  100T";16;18900
"245/45R18 Nokian HKPL 8 RFT  100T";40;18900
"245/45R18 Nokian HKPL R2  100R";4;13400
"245/45R18 Nokian HKPL R2 RFT  100R";12;17150
"245/45R18 Bridgestone LM25  100V";1;6500
"245/45R18 Vredestein DA Wintrac xtreme  100V";1;6500
"245/45R19 Nokian HKPL 8  102T";40;15300
"245/45R19 Nokian HKPL 8  102T";40;15300
"245/45R19 Nokian HKPL R2  102R";2;12700
"245/45R19 Nokian HKPL 7  102T";17;10300
"245/45R19 Nokian HKPL R  102R";4;10850
"245/45R20 Continental Viking Contact 6  103T";40;9550
"245/50R18 Nokian HKPL 8  104T";3;12050
"245/50R18 Nokian HKPL 8  104T";40;12050
"245/50R18 Nokian HKPL 8 RFT  100T";36;17500
"245/50R18 Nokian HKPL R2  104R";9;12550
"245/50R18 Nokian HKPL R2 RFT  100R";9;17300
"245/50R18 Nokian HKPL 7  104T";2;12750
"245/55R19 Nokian HKPL 7 SUV  107T";25;9750
"245/55R19 Nokian HKPL 7 SUV  107T";40;9750
"245/55R19 Nokian HKPL R SUV  107R";1;6900
"245/55R19 Nokian HKPL R SUV  107R";40;6900
"245/60R18 Nokian HKPL 8 SUV  109T";28;13050
"245/60R18 Nokian HKPL 7 SUV  109T";40;12450
"245/60R18 Nokian HKPL R SUV  109R";40;7500
"245/65R17 Nokian HKPL 8 SUV  111T";4;12300
"245/65R17 Nokian HKPL 8 SUV  111T";40;12300
"245/65R17 Avalanche X-Treme  107S";1;3900
"245/65R17 Nokian HKPL 5 SUV  111T";37;7250
"245/65R17 Nokian HKPL 5 SUV  111T";40;7250
"245/65R17 Nokian HKPL 7 SUV  111T";4;11650
"245/65R17 Nokian HKPL 7 SUV  111T";28;11650
"245/65R17 Nokian HKPL R SUV  111R";12;7900
"245/65R17 Nokian Nordman SUV  107T";40;4550
"245/70R16 Nokian HKPL 8 SUV  111T";10;11850
"245/70R16 Nokian HKPL 8 SUV  111T";40;11850
"245/70R16 Nokian HKPL R2 SUV  111R";6;10150
"245/70R16 Avalanche X-Treme  107S";2;6900
"245/70R16 Bridgestone LM25 4x4 XL  111T";2;6950
"245/70R16 Kumho I'Zen RV KC16  107T";1;6550
"245/70R16 Nokian HKPL R SUV  111R";4;5550
"255/35R19 Nokian HKPL 8  96H";7;16350
"255/35R19 Nokian HKPL R2  96R";3;14050
"255/40R17 Bridgestone LM25 XL  98V";1;3700
"255/40R18 Bridgestone LM25  95V";2;8550
"255/40R18 Bridgestone LM25  95V";5;8550
"255/40R19 Nokian HKPL 8  100T";40;15800
"255/40R19 Nokian HKPL 8  100T";18;15800
"255/40R19 Bridgestone LM22 XL  100V";1;8300
"255/40R19 Nokian HKPL 7  100T";40;10850
"255/45R18 Nokian HKPL 8  103T";40;13700
"255/45R18 Nokian HKPL R2  103R";8;13050
"255/45R18 Nokian HKPL 7  103T";40;10600
"255/50R19 Nokian HKPL 8 SUV  107T";14;12500
"255/50R19 Nokian HKPL 8 SUV  107T";40;12500
"255/50R19 Nokian HKPL 8 SUV RFT  107T";16;20100
"255/50R19 Nokian HKPL 8 SUV RFT  107T";12;20100
"255/50R19 Nokian HKPL R2 SUV RFT  107R";8;14850
"255/50R19 Bridgestone Blizzak LM-25-4  107H";27;9600
"255/50R19 Bridgestone LM-25 4x4 XL  107V";1;10000
"255/50R19 Bridgestone LM80  107V";1;9350
"255/50R19 Nokian HKPL 7 SUV  107T";11;13900
"255/50R19 Nokian HKPL 7 SUV RFT  107T";1;14300
"255/50R19 Nokian HKPL 7 SUV RFT  107T";40;14300
"255/50R19 Nokian HKPL R SUV RFT  107R";22;10900
"255/50R19 Nokian HKPL R SUV RFT  107R";40;10900
"255/50R19 Nokian WR G2 ROF  107V";1;11150
"255/50R20 Continental Viking Contact 6  109T";40;13000
"255/55R17 Bridgestone LM25 4x4  104H";3;4750
"255/55R17 Nokian HKPL 5 SUV  108T";40;5600
"255/55R17 Nokian HKPL 5 SUV  108T";40;5600
"255/55R17 Nokian HKPL SUV 2007  104T";4;3250
"255/55R17 Nokian HKPL SUV 2007  104T";40;3250
"255/55R17 Nokian SUV 5  108T";40;3550
"255/55R17 Nokian SUV 5  108T";40;3550
"255/55R18 Nokian HKPL 8 SUV RFT  109T";8;17150
"255/55R18 Nokian HKPL 8 SUV RFT  109T";40;17150
"255/55R18 Bridgestone LM80 XL  109H";2;7050
"255/55R18 Continental Cross Cont Viking  109Q";40;8000
"255/55R18 Continental Cross Cont Viking  109Q";35;8000
"255/55R18 Kumho I'Zen RV KC16  109T";10;6400
"255/55R18 Marangoni Meteo HP SUV  109V";40;5000
"255/55R18 Nokian HKPL 7 SUV  109T";22;9800
"255/55R18 Nokian HKPL 7 SUV  109T";38;9800
"255/55R18 Nokian HKPL R SUV XL  109R";2;9300
"255/55R18 Pirelli Scorpion Ice&Snow  109V";4;11100
"255/55R18 Sportiva Snow Winter 4x4  109H";40;5100
"255/55R18 Toyo Open Country WT  109H";40;6300
"255/55R18 Vredestein Arctrac XL  109T";40;6250
"255/55R18 Vredestein Arctrac XL  109T";1;6250
"255/55R18 Vredestein Wintrac 4 xtreme XL  109V";16;10000
"255/55R18 Vredestein Wintrac 4 xtreme XL  109V";40;10000
"255/55R19 Nokian HKPL 8 SUV  111T";2;15850
"255/55R19 Nokian HKPL 5 SUV  111T";14;8100
"255/55R19 Nokian HKPL 5 SUV  111T";40;8100
"255/55R19 Nokian HKPL 7 SUV  111T";1;12900
"255/60R17 Nokian HKPL 7 SUV XL  110T";8;12300
"255/60R17 Vredestein DA Wintrac 4xtreme  106H";1;6500
"255/60R18 Nokian HKPL 8 SUV  112T";35;13100
"255/60R18 Nokian HKPL 8 SUV  112T";6;13100
"255/60R18 Bridgestone LM80 XL  112H";3;7100
"255/60R18 Bridgestone Spike 01  112";25;9150
"255/60R18 Hankook Nordik IS RW08  108T";24;7600
"255/60R18 Hankook Nordik IS RW08  108T";40;7600
"255/60R18 Nokian HKPL 5 SUV  112T";40;8050
"255/60R18 Nokian HKPL 5 SUV  112T";40;8050
"255/60R18 Nokian HKPL 7 SUV  112T";40;12500
"255/60R18 Nokian Nordman SUV XL  112T";9;6300
"255/60R18 Nokian Nordman SUV XL  112T";40;6300
"255/60R18 Vredestein DA Wintrac 4xtreme  112H";1;6550
"255/65R16 Bridgestone LM80  109H";33;6350
"255/65R16 Bridgestone LM80  109H";11;6350
"255/65R16 Nokian HKPL 5 SUV  109T";40;5600
"255/65R16 Nokian Nordman SUV  109T";40;4800
"255/65R17 Nokian HKPL 8 SUV  114T";24;13050
"255/65R17 Kumho I'Zen RV KC15 XL  114H";1;5400
"255/65R17 Michelin Lat X-Ice North 2 XL  114T";40;7950
"255/65R17 Michelin Lat X-Ice North 2 XL  114T";24;7950
"255/65R17 Nokian HKPL 5 SUV  114T";34;9300
"255/65R17 Nokian HKPL 7 SUV  114T";4;9400
"255/65R17 Nokian HKPL 7 SUV  114T";40;9400
"255/70R16 Bridgestone LM25-4  111T";2;6300
"255/70R16 Bridgestone Spike 01  111T";1;6500
"265/30R19 Vredestein DA Wintrac xtreme  109H";1;9050
"265/40R21 Nokian HKPL 8 SUV  105T";10;18650
"265/45R21 Nokian HKPL 7 SUV  108T";40;15000
"265/50R19 Bridgestone LM25-4 XL  110V";3;8750
"265/50R19 Michelin X-Ice North 2 XL  110T";40;8300
"265/50R19 Michelin X-Ice North 2 XL  110T";26;8300
"265/50R19 Nokian HKPL 7 SUV  110T";40;13050
"265/50R20 Nokian HKPL 8 SUV  111T";4;16850
"265/50R20 Nokian HKPL R2 SUV  111R";1;13200
"265/50R20 Nokian HKPL 7 SUV  111T";5;13100
"265/50R20 Nokian HKPL 7 SUV  111T";40;13100
"265/55R19 Vredestein Wintrac 4 Xtreme  109H";7;11000
"265/60R18 Kumho I'Zen RV KC16 XL  114T";16;6450
"265/60R18 Kumho I'Zen RV KC16 XL  114T";17;6450
"265/60R18 Nokian HKPL 7 SUV  114T";29;9900
"265/60R18 Nokian HKPL 7 SUV  114T";40;9900
"265/60R18 Vredestein Wintrac 4xtreme  114H";4;13050
"265/65R17 Nokian HKPL 8 SUV  116T";2;10700
"265/65R17 Nokian HKPL 8 SUV  116T";40;10700
"265/65R17 Nokian HKPL R2 SUV  116R";4;12950
"265/65R17 Bridgestone DM-V1  112R";2;11150
"265/65R17 Continental Cross Cont Viking  116Q";40;6500
"265/65R17 Continental Cross Cont Viking  116Q";40;6500
"265/65R17 Hankook Dynapro I'Cept RW08  112Q";1;6150
"265/65R17 Nokian HKPL 7 SUV  116T";27;12000
"265/65R17 Nokian HKPL R SUV  116R";34;9350
"265/65R17 Nokian Nordman SUV XL  116T";2;4650
"265/65R17 Nokian Nordman SUV XL  116T";40;4650
"265/65R17 Vredestein Arctrac SUV  112T";35;7700
"265/65R17 Vredestein Arctrac SUV  112T";40;7700
"265/70R16 Nokian HKPL R2 SUV  112R";8;10400
"265/70R16 Nokian HKPL R2 SUV  112R";16;10400
"265/70R16 Bridgestone DM-V1  112R";8;9150
"265/70R16 Bridgestone DM-V1  112R";1;9150
"265/70R16 Bridgestone Spike 01  112T";3;6650
"265/70R16 Matador MP 92 Sibir Snow SUV  112T";40;4650
"265/70R16 Nokian HKPL R SUV  112R";1;6800
"265/70R16 Pirelli Scorpion Winter  112H";2;5550
"265/70R17 Nokian HKPL 8 SUV  115T";8;13000
"265/70R17 Ironman Polar Trax  115T";1;4350
"265/70R17 Nokian HKPL 5 SUV  115T";5;8400
"265/70R17 Nokian HKPL 7 SUV  115T";18;10800
"265/70R17 Nokian HKPL 7 SUV  115T";3;10800
"265/70R17 Nokian HKPL R SUV  115R";26;8050
"265/70R17 Nokian Nordman SUV  115T";40;4650
"275/40R20 Nokian HKPL 8 SUV  106T";3;15450
"275/40R20 Bridgestone DM-V1 XL  106R";7;12350
"275/40R20 Bridgestone LM80 XL  106V";17;12350
"275/40R20 Michelin Latitude X-Ice 2 GRNX  106H";3;10800
"275/40R20 Nokian HKPL 5 SUV  106T";40;8600
"275/40R20 Nokian HKPL 7 SUV  106T";8;12250
"275/40R20 Nokian HKPL 7 SUV  106T";40;12250
"275/40R20 Vredestein Wintrac 4xtreme XL  106V";3;15150
"275/45R20 Bridgestone LM25-4  110V";2;12450
"275/45R20 Bridgestone LM80 XL  110V";4;12350
"275/45R20 Nokian HKPL 7 SUV  110T";8;14900
"275/45R20 Nokian HKPL R SUV  110R";19;12600
"275/50R20 Nokian HKPL 7 SUV  113T";40;15850
"275/55R17 Nokian HKPL 5 SUV  113T";26;5650
"275/55R19 Nokian HKPL 8 SUV  115T";8;16600
"275/55R19 Nokian HKPL 7 SUV  115T";40;11650
"275/55R20 Nokian HKPL 7 SUV  117T";40;12300
"275/60R17 Nokian HKPL 5 SUV  114T";40;6000
"275/60R18 Bridgestone LM25-4  113H";7;8800
"275/60R18 Nokian HKPL 5 SUV  117T";40;7250
"275/60R18 Nokian HKPL 7 SUV  117T";12;13000
"275/60R18 Nokian HKPL 7 SUV  117T";11;13000
"275/60R18 Nokian HKPL R SUV  113R";40;7750
"275/60R20 Nokian HKPL 7 SUV  115T";6;14550
"275/65R17 Nokian HKPL R2 SUV  119R";8;9850
"275/65R17 Federal Himalaya SUV XL  119T";4;7200
"275/65R17 Michelin Lat X-Ice North 2 XL  119T";40;8400
"275/65R17 Michelin Lat X-Ice North 2 XL  119T";20;8400
"275/65R17 Nokian HKPL 5 SUV  119T";24;6350
"275/65R17 Nokian HKPL 5 SUV  119T";40;6350
"275/65R17 Nokian HKPL 7 SUV  119T";40;13050
"275/65R17 Nokian HKPL R SUV  119R";40;7050
"275/70R16 Michelin Lat X-Ice North 2  114T";40;6600
"275/70R16 Michelin Lat X-Ice North 2  114T";38;6600
"275/70R16 Nokian HKPL 5 SUV  114T";40;5650
"275/70R16 Nokian HKPL R SUV  114R";40;6500
"275/70R16 Nokian Nordman 5 SUV  114T";4;7750
"285/35R19 Nokian HKPL 8  103H";40;16550
"285/40R19 Nokian HKPL 8  107H";2;16900
"285/40R19 Nokian HKPL 8  107H";4;16900
"285/45R19 Nokian HKPL 7 SUV  111T";1;15450
"285/50R20 Nokian HKPL 7 SUV  116T";2;13250
"285/50R20 Nokian HKPL 7 SUV  116T";26;13250
"285/60R18 Nokian HKPL R2 SUV  116R";30;10300
"285/60R18 Bridgestone DM-V1  116R";2;12750
"285/60R18 Nokian HKPL 7 SUV  116T";27;10700
"285/60R18 Nokian HKPL 7 SUV  116T";40;10700
"285/60R18 Nokian HKPL R SUV  116R";40;7900
"285/65R17 Nokian HKPL R2 SUV  116R";40;10400
"285/65R17 Continental Ice Contact 4x4  116T";24;6800
"285/65R17 Continental Ice Contact 4x4  116T";40;6800
"285/65R17 Nokian HKPL 5 SUV  116T";5;9500
"285/65R17 Nokian HKPL 7 SUV  116T";4;11300
"285/65R17 Nokian HKPL 7 SUV  116T";40;11300
"285/65R17 Nokian HKPL R SUV  116R";40;6550
"295/35R19 Nokian HKPL 8  104H";2;17450
"295/35R19 Nokian HKPL 8  104H";6;17450
"295/40R21 Nokian HKPL 7 SUV XL  111T";29;17000
"30X9,5R15LT Bridgestone DM-Z3  104Q";4;5550
"LT235/80R17 Nokian HKPL LT2  120/117Q";40;10050
